age,education_level,years_employed,annual_income,credit_score,dependents,existing_monthly_debt,loan_amount,term_months,interest_rate,monthly_payment,dti_ratio,days_delinquent,defaulted,state_AL,state_AZ,state_CA,state_CO,state_CT,state_FL,state_GA,state_IL,state_IN,state_KY,state_LA,state_MA,state_MD,state_MI,state_MN,state_MO,state_NC,state_NJ,state_NY,state_OH,state_OK,state_OR,state_PA,state_SC,state_TN,state_TX,state_UT,state_VA,state_WA,state_WI,employment_status_Contract,employment_status_Full-Time,employment_status_Part-Time,employment_status_Retired,employment_status_Self-Employed,home_ownership_Mortgage,home_ownership_Own,home_ownership_Rent,loan_purpose_Auto Loan,loan_purpose_Business Loan,loan_purpose_Debt Consolidation,loan_purpose_Education,loan_purpose_Home Improvement,loan_purpose_Major Purchase,loan_purpose_Medical Expenses,loan_purpose_Moving,loan_purpose_Vacation,loan_purpose_Wedding,monthly_income,loan_income_ratio,high_dti,income_per_dependent
62,1,6,31020,596,1,892,16100.0,36,13.05,542.86,55.5,0,0,0,0,0,0,1,0,0,0,0,0,0,0,0,0,0,0,0,0,0,0,0,0,0,0,0,0,0,0,0,0,0,0,0,0,1,0,0,1,0,0,0,0,0,0,0,0,1,0,2585.0,0.5190199871050934,1,15510.0
62,1,6,31020,596,1,892,5600.0,48,14.21,153.62,40.4,138,1,0,0,0,0,1,0,0,0,0,0,0,0,0,0,0,0,0,0,0,0,0,0,0,0,0,0,0,0,0,0,0,0,0,0,1,0,0,1,0,0,0,0,0,1,0,0,0,0,2585.0,0.18052869116698905,1,15510.0
24,1,4,40188,543,2,869,44700.0,36,12.37,1492.59,70.5,0,0,0,0,0,1,0,0,0,0,0,0,0,0,0,0,0,0,0,0,0,0,0,0,0,0,0,0,0,0,0,0,0,1,0,0,0,0,1,0,0,0,0,0,0,0,0,1,0,0,3349.0,1.1122723200955509,1,13396.0
50,3,22,41014,611,0,1806,9200.0,48,11.18,238.58,59.8,34,1,0,0,0,0,0,0,0,0,0,0,0,0,0,0,0,0,1,0,0,0,0,0,0,0,0,0,0,0,0,0,1,0,0,0,0,1,0,0,1,0,0,0,0,0,0,0,0,0,3417.8333333333335,0.22431364899790315,1,41014.0
43,1,19,35036,701,2,928,11200.0,36,9.66,359.61,44.1,0,0,0,0,0,0,0,0,0,0,0,0,0,0,0,0,0,0,0,0,0,0,0,0,0,0,0,1,0,0,0,0,0,1,0,0,0,1,0,0,0,0,0,0,0,0,0,1,0,0,2919.6666666666665,0.319671195341934,1,11678.666666666666
46,1,18,44528,715,0,608,28600.0,48,13.07,768.26,37.1,0,0,0,0,0,0,0,0,0,0,0,0,0,0,0,0,0,0,0,0,1,0,0,0,0,0,0,0,0,0,0,0,0,1,0,0,0,0,1,0,0,0,0,1,0,0,0,0,0,0,3710.6666666666665,0.642292490118577,1,44528.0
40,5,8,157047,749,1,3076,39200.0,12,10.23,3450.5,49.9,0,0,0,0,0,0,0,0,0,0,0,0,0,0,0,0,0,0,0,0,0,0,0,1,0,0,0,0,0,0,0,0,1,0,0,0,0,1,0,0,0,0,0,0,0,0,1,0,0,0,13087.25,0.2496068056059651,1,78523.5
35,3,5,84210,576,0,1682,36300.0,48,14.26,996.69,38.2,38,1,0,0,0,0,0,0,1,0,0,0,0,0,0,0,0,0,0,0,0,0,0,0,0,0,0,0,0,0,0,0,0,0,0,0,1,1,0,0,0,0,0,0,1,0,0,0,0,0,7017.5,0.43106519415746347,1,84210.0
35,3,5,84210,576,0,1682,39000.0,60,13.73,902.01,36.8,0,0,0,0,0,0,0,0,1,0,0,0,0,0,0,0,0,0,0,0,0,0,0,0,0,0,0,0,0,0,0,0,0,0,0,0,1,1,0,0,0,1,0,0,0,0,0,0,0,0,7017.5,0.46312789454934095,1,84210.0
62,3,14,61289,563,1,939,28400.0,12,11.88,2521.71,67.8,43,1,0,0,0,0,0,0,0,0,0,1,0,0,0,0,0,0,0,0,0,0,0,0,0,0,0,0,0,0,0,0,0,1,0,0,0,0,0,1,0,0,1,0,0,0,0,0,0,0,5107.416666666667,0.46337842027117426,1,30644.5
35,4,15,63908,643,2,646,13300.0,48,10.91,343.16,18.6,0,0,0,0,0,0,0,0,0,0,0,0,0,0,0,0,0,0,0,0,0,0,0,0,0,0,0,0,1,0,0,0,0,0,1,0,0,1,0,0,0,1,0,0,0,0,0,0,0,0,5325.666666666667,0.20811166051198599,0,21302.666666666668
35,4,15,63908,643,2,646,2700.0,48,12.73,72.07,13.5,0,0,0,0,0,0,0,0,0,0,0,0,0,0,0,0,0,0,0,0,0,0,0,0,0,0,0,0,1,0,0,0,0,0,1,0,0,1,0,0,0,1,0,0,0,0,0,0,0,0,5325.666666666667,0.04224823183326031,0,21302.666666666668
30,2,6,22845,824,1,1044,15700.0,12,6.57,1355.36,126.0,0,0,0,0,0,0,0,0,0,0,0,0,0,0,0,0,0,0,0,0,0,0,0,0,0,0,0,0,0,0,1,0,0,0,1,0,0,0,0,1,0,0,0,0,0,0,0,0,0,1,1903.75,0.68724009630116,1,11422.5
30,3,2,43606,586,2,1265,38300.0,48,13.9,1044.68,63.6,0,0,0,0,0,0,0,0,0,0,0,1,0,0,0,0,0,0,0,0,0,0,0,0,0,0,0,0,0,0,0,0,0,1,0,0,0,1,0,0,0,0,0,0,0,0,0,1,0,0,3633.8333333333335,0.878319497316883,1,14535.333333333334
46,3,0,44614,813,2,1184,28800.0,60,9.94,611.06,48.3,0,0,0,0,0,0,0,1,0,0,0,0,0,0,0,0,0,0,0,0,0,0,0,0,0,0,0,0,0,0,0,0,0,0,0,1,0,0,0,1,0,0,0,0,0,0,0,0,1,0,3717.8333333333335,0.6455372752947506,1,14871.333333333334
46,3,0,44614,813,2,1184,23700.0,60,7.25,472.09,44.5,105,1,0,0,0,0,0,1,0,0,0,0,0,0,0,0,0,0,0,0,0,0,0,0,0,0,0,0,0,0,0,0,0,0,0,1,0,0,0,1,0,0,0,0,0,0,0,0,1,0,3717.8333333333335,0.5312233827946384,1,14871.333333333334
39,4,14,79782,615,3,1207,2000.0,60,11.65,44.14,18.8,0,0,1,0,0,0,0,0,0,0,0,0,0,0,0,0,0,0,0,0,0,0,0,0,0,0,0,0,0,0,0,0,0,1,0,0,0,0,1,0,0,0,0,0,0,0,0,1,0,0,6648.5,0.025068311147877966,0,19945.5
39,4,14,79782,615,3,1207,34300.0,60,13.85,795.44,30.1,0,0,1,0,0,0,0,0,0,0,0,0,0,0,0,0,0,0,0,0,0,0,0,0,0,0,0,0,0,0,0,0,0,1,0,0,0,0,1,0,0,0,0,0,0,0,0,0,0,1,6648.5,0.4299215361861071,1,19945.5
54,4,19,63730,850,2,671,17500.0,12,8.45,1525.94,41.4,63,1,0,0,0,0,0,0,0,0,1,0,0,0,0,0,0,0,0,0,0,0,0,0,0,0,0,0,0,0,0,0,0,1,0,0,0,0,0,1,0,0,0,1,0,0,0,0,0,0,5310.833333333333,0.2745959516711125,1,21243.333333333332
32,3,9,74436,535,0,1435,20600.0,12,11.24,1822.97,52.5,0,0,0,0,1,0,0,0,0,0,0,0,0,0,0,0,0,0,0,0,0,0,0,0,0,0,0,0,0,0,0,0,0,0,0,0,1,1,0,0,0,0,1,0,0,0,0,0,0,0,6203.0,0.2767478101993659,1,74436.0
41,2,2,55611,570,0,1994,23100.0,12,15.15,2086.6,88.1,15,0,0,0,0,0,0,0,0,0,0,0,0,0,0,0,0,0,0,0,0,0,0,1,0,0,0,0,0,0,0,0,0,1,0,0,0,0,0,1,0,0,0,1,0,0,0,0,0,0,4634.25,0.4153854453255651,1,55611.0
30,1,8,41753,665,4,1790,23300.0,48,13.03,625.43,69.4,0,0,0,1,0,0,0,0,0,0,0,0,0,0,0,0,0,0,0,0,0,0,0,0,0,0,0,0,0,0,0,0,0,1,0,0,0,0,0,1,0,0,1,0,0,0,0,0,0,0,3479.4166666666665,0.5580437333844275,1,8350.6
68,3,28,66055,726,0,893,7200.0,60,8.39,147.34,18.9,0,0,0,0,0,0,0,0,0,0,0,0,0,1,0,0,0,0,0,0,0,0,0,0,0,0,0,0,0,0,0,0,0,0,0,0,1,0,0,1,1,0,0,0,0,0,0,0,0,0,5504.583333333333,0.109000075694497,0,66055.0
43,1,2,23712,528,0,993,13700.0,12,15.03,1236.73,112.8,0,0,0,0,0,0,0,0,0,0,0,0,0,0,0,0,0,0,0,0,0,0,0,0,0,0,0,1,0,0,0,0,0,0,1,0,0,0,0,1,0,0,0,0,0,0,1,0,0,0,1976.0,0.5777665317139001,1,23712.0
43,1,17,45948,639,3,1294,23300.0,24,12.02,1097.03,62.4,15,0,0,0,0,0,0,0,0,0,0,0,0,0,0,0,0,0,0,0,0,0,0,0,0,0,0,0,1,0,0,0,0,1,0,0,0,0,1,0,0,0,0,0,0,0,1,0,0,0,3829.0,0.5070949769304431,1,11487.0
37,4,13,70937,584,1,2450,32400.0,36,13.31,1096.53,60.0,170,1,0,1,0,0,0,0,0,0,0,0,0,0,0,0,0,0,0,0,0,0,0,0,0,0,0,0,0,0,0,0,1,0,0,0,0,1,0,0,0,0,0,1,0,0,0,0,0,0,5911.416666666667,0.45674330744181457,1,35468.5
37,4,13,70937,584,1,2450,23700.0,48,10.27,604.17,51.7,0,0,0,1,0,0,0,0,0,0,0,0,0,0,0,0,0,0,0,0,0,0,0,0,0,0,0,0,0,0,0,0,1,0,0,0,0,1,0,0,1,0,0,0,0,0,0,0,0,0,5911.416666666667,0.3340992711842903,1,35468.5
65,3,6,24456,698,1,244,7400.0,24,12.65,350.59,29.2,15,0,0,0,0,0,0,0,0,0,0,0,0,0,0,0,0,0,0,0,0,1,0,0,0,0,0,0,0,0,0,0,0,0,1,0,0,0,1,0,1,0,0,0,0,0,0,0,0,0,2038.0,0.30258423290807984,0,12228.0
65,3,6,24456,698,1,244,13600.0,60,9.14,283.24,25.9,0,0,0,0,0,0,0,0,0,0,0,0,0,0,0,0,0,0,0,0,0,1,0,0,0,0,0,0,0,0,0,0,0,0,1,0,0,0,1,0,0,0,0,0,0,0,0,1,0,0,2038.0,0.5561007523716062,0,12228.0
33,2,12,72054,761,0,2258,34200.0,12,10.17,3009.43,87.7,0,0,0,0,0,0,0,0,0,0,0,0,0,0,0,0,0,1,0,0,0,0,0,0,0,0,0,0,0,0,0,0,0,1,0,0,0,0,0,1,0,1,0,0,0,0,0,0,0,0,6004.5,0.47464401698725955,1,72054.0
33,2,12,72054,761,0,2258,45200.0,60,11.41,992.02,54.1,0,0,0,0,0,0,0,0,0,0,0,0,0,0,0,0,0,1,0,0,0,0,0,0,0,0,0,0,0,0,0,0,0,1,0,0,0,0,0,1,0,0,0,0,0,0,1,0,0,0,6004.5,0.6273072973047992,1,72054.0
56,4,10,80449,661,0,1679,46200.0,36,10.72,1506.41,47.5,15,0,0,0,0,0,0,0,0,0,0,0,0,0,0,0,0,0,0,0,0,0,0,0,0,0,1,0,0,0,0,0,0,0,0,1,0,1,0,0,0,0,0,0,1,0,0,0,0,0,6704.083333333333,0.5742768710611692,1,80449.0
25,1,2,36142,757,4,987,32400.0,48,7.65,785.67,58.9,168,1,1,0,0,0,0,0,0,0,0,0,0,0,0,0,0,0,0,0,0,0,0,0,0,0,0,0,0,0,0,0,0,1,0,0,0,1,0,0,0,0,0,0,0,0,0,0,0,1,3011.8333333333335,0.896463947761607,1,7228.4
67,3,34,54489,559,0,1553,12400.0,12,14.05,1113.65,58.7,0,0,0,0,0,0,0,0,0,0,0,0,0,0,0,0,0,0,0,1,0,0,0,0,0,0,0,0,0,0,0,0,0,1,0,0,0,0,1,0,0,0,0,1,0,0,0,0,0,0,4540.75,0.227568867110793,1,54489.0
54,4,5,59480,790,2,1921,16400.0,24,8.51,745.55,53.8,0,0,0,0,0,0,0,0,0,0,0,0,0,0,0,0,0,0,0,0,1,0,0,0,0,0,0,0,0,0,0,0,0,1,0,0,0,0,0,1,0,0,0,0,0,1,0,0,0,0,4956.666666666667,0.2757229320780094,1,19826.666666666668
37,3,1,46167,826,2,1279,27100.0,24,8.64,1233.59,65.3,0,0,0,1,0,0,0,0,0,0,0,0,0,0,0,0,0,0,0,0,0,0,0,0,0,0,0,0,0,0,0,0,0,0,0,1,0,1,0,0,0,0,0,0,0,0,0,1,0,0,3847.25,0.5869993718456906,1,15389.0
42,4,8,116049,667,2,2694,5400.0,48,10.5,138.26,29.3,135,1,0,0,0,0,0,0,0,0,0,0,0,0,0,0,1,0,0,0,0,0,0,0,0,0,0,0,0,0,0,0,0,1,0,0,0,1,0,0,0,0,0,0,0,0,0,1,0,0,9670.75,0.046532068350438174,0,38683.0
26,1,0,23219,576,0,999,5500.0,12,14.25,494.48,77.2,0,0,0,0,0,0,0,0,0,0,1,0,0,0,0,0,0,0,0,0,0,0,0,0,0,0,0,0,0,0,0,0,0,0,1,0,0,1,0,0,0,0,0,1,0,0,0,0,0,0,1934.9166666666667,0.23687497308238942,1,23219.0
26,4,5,68134,813,2,306,46400.0,24,7.45,2086.93,42.1,0,0,0,0,0,0,0,0,0,0,0,1,0,0,0,0,0,0,0,0,0,0,0,0,0,0,0,0,0,0,0,0,0,1,0,0,0,1,0,0,0,0,0,0,0,0,1,0,0,0,5677.833333333333,0.6810109490122406,1,22711.333333333332
57,2,16,72778,603,2,774,46500.0,36,10.02,1500.86,37.5,0,0,0,0,0,0,0,1,0,0,0,0,0,0,0,0,0,0,0,0,0,0,0,0,0,0,0,0,0,0,0,0,0,0,0,0,1,0,1,0,0,1,0,0,0,0,0,0,0,0,6064.833333333333,0.6389293467806205,1,24259.333333333332
40,3,8,53589,850,3,2112,16200.0,36,8.58,511.99,58.8,0,0,0,0,0,0,0,0,0,0,0,0,0,0,0,0,0,0,1,0,0,0,0,0,0,0,0,0,0,0,0,0,0,0,0,0,1,1,0,0,0,1,0,0,0,0,0,0,0,0,4465.75,0.30230084532273416,1,13397.25
27,3,2,43412,700,0,980,4300.0,36,9.34,137.42,30.9,32,1,0,0,0,0,0,0,0,0,0,0,0,0,0,0,0,0,1,0,0,0,0,0,0,0,0,0,0,0,0,0,1,0,0,0,0,1,0,0,0,0,0,0,0,0,0,1,0,0,3617.6666666666665,0.09905095365336773,1,43412.0
27,3,2,43412,700,0,980,10500.0,36,12.65,352.02,36.8,15,0,0,0,0,0,0,0,0,0,0,0,0,0,0,0,0,0,1,0,0,0,0,0,0,0,0,0,0,0,0,0,1,0,0,0,0,1,0,0,0,0,0,0,1,0,0,0,0,0,3617.6666666666665,0.24186860775822352,1,43412.0
67,3,34,45400,606,2,469,6800.0,36,12.32,226.9,18.4,80,1,0,0,0,0,0,0,0,0,0,0,0,0,0,0,0,0,0,0,0,0,0,0,0,0,0,0,0,1,0,0,0,1,0,0,0,0,1,0,0,0,0,0,0,0,0,1,0,0,3783.3333333333335,0.14977973568281938,0,15133.333333333334
67,3,34,45400,606,2,469,28900.0,12,10.1,2542.11,79.6,155,1,0,0,0,0,0,0,0,0,0,0,0,0,0,0,0,0,0,0,0,0,0,0,0,0,0,0,0,1,0,0,0,1,0,0,0,0,1,0,0,0,0,0,0,0,0,1,0,0,3783.3333333333335,0.6365638766519823,1,15133.333333333334
30,1,5,55244,550,2,1044,12800.0,36,13.96,437.23,32.2,30,0,0,0,0,0,0,0,1,0,0,0,0,0,0,0,0,0,0,0,0,0,0,0,0,0,0,0,0,0,0,0,0,1,0,0,0,0,1,0,0,0,0,0,0,0,1,0,0,0,4603.666666666667,0.23169937006733762,1,18414.666666666668
57,4,15,107852,624,3,4410,44700.0,12,14.32,4020.22,93.8,117,1,0,0,0,0,0,0,0,0,0,1,0,0,0,0,0,0,0,0,0,0,0,0,0,0,0,0,0,0,0,0,0,1,0,0,0,0,0,1,1,0,0,0,0,0,0,0,0,0,8987.666666666666,0.41445684827356005,1,26963.0
23,1,1,29964,735,2,602,5900.0,60,12.11,131.57,29.4,0,0,0,0,0,0,0,0,0,0,0,1,0,0,0,0,0,0,0,0,0,0,0,0,0,0,0,0,0,0,0,0,0,0,0,1,0,1,0,0,0,0,0,0,0,0,1,0,0,0,2497.0,0.19690295020691498,0,9988.0
23,1,1,29964,735,2,602,15100.0,60,8.41,309.15,36.5,0,0,0,0,0,0,0,0,0,0,0,1,0,0,0,0,0,0,0,0,0,0,0,0,0,0,0,0,0,0,0,0,0,0,0,1,0,1,0,0,1,0,0,0,0,0,0,0,0,0,2497.0,0.5039380590041384,1,9988.0
24,4,2,124663,785,3,1677,22600.0,24,10.2,1044.96,26.2,0,0,0,0,0,0,0,0,0,0,0,1,0,0,0,0,0,0,0,0,0,0,0,0,0,0,0,0,0,0,0,0,0,1,0,0,0,1,0,0,0,0,0,0,0,0,0,1,0,0,10388.583333333334,0.1812887544820837,0,31165.75
64,1,22,52825,672,2,2077,9000.0,12,12.63,802.29,65.4,0,0,0,0,0,0,0,0,0,0,0,0,0,0,0,0,0,0,0,0,0,0,0,0,0,0,0,0,0,0,1,0,0,1,0,0,0,1,0,0,0,0,0,1,0,0,0,0,0,0,4402.083333333333,0.17037387600567913,1,17608.333333333332
43,4,18,137860,641,0,4001,11000.0,24,10.24,508.81,39.3,0,0,0,0,0,0,0,0,0,0,0,0,0,0,0,0,0,0,1,0,0,0,0,0,0,0,0,0,0,0,0,0,0,1,0,0,0,0,0,1,1,0,0,0,0,0,0,0,0,0,11488.333333333334,0.07979109241259248,1,137860.0
43,4,18,137860,641,0,4001,19200.0,48,9.99,486.87,39.1,0,0,0,0,0,0,0,0,0,0,0,0,0,0,0,0,0,0,1,0,0,0,0,0,0,0,0,0,0,0,0,0,0,1,0,0,0,0,0,1,0,1,0,0,0,0,0,0,0,0,11488.333333333334,0.13927172493834325,1,137860.0
44,4,3,106612,806,0,641,12900.0,48,10.39,329.6,10.9,30,0,0,0,0,0,0,0,0,0,0,0,0,0,1,0,0,0,0,0,0,0,0,0,0,0,0,0,0,0,0,0,0,1,0,0,0,1,0,0,0,0,0,0,0,0,1,0,0,0,8884.333333333334,0.12099951225002814,0,106612.0
49,1,11,24811,625,3,747,3900.0,48,13.92,106.42,41.3,15,0,0,0,0,0,0,0,0,0,0,0,0,0,0,0,1,0,0,0,0,0,0,0,0,0,0,0,0,0,0,0,0,0,0,1,0,1,0,0,0,1,0,0,0,0,0,0,0,0,2067.5833333333335,0.15718834387973077,1,6202.75
64,4,26,80367,698,0,761,41600.0,36,10.34,1348.97,31.5,0,0,0,0,0,0,0,0,0,0,0,0,0,0,0,0,0,0,0,0,0,0,0,0,0,1,0,0,0,0,0,0,0,0,0,0,1,1,0,0,0,0,1,0,0,0,0,0,0,0,6697.25,0.5176253935072853,1,80367.0
48,3,19,88330,629,1,369,4000.0,24,12.11,188.5,7.6,0,0,0,0,0,0,0,0,0,0,0,0,0,0,0,0,0,0,0,0,0,0,0,0,0,0,0,0,0,0,1,0,0,1,0,0,0,1,0,0,0,0,0,0,0,0,0,0,1,0,7360.833333333333,0.04528472772557455,0,44165.0
40,2,14,57427,694,0,1371,14400.0,36,12.3,480.35,38.7,0,0,0,0,0,0,0,0,0,0,0,0,0,0,0,0,1,0,0,0,0,0,0,0,0,0,0,0,0,0,0,0,0,0,0,0,1,1,0,0,0,0,1,0,0,0,0,0,0,0,4785.583333333333,0.2507531300607728,1,57427.0
32,3,5,82953,850,0,1418,24300.0,48,6.29,573.92,28.8,0,0,0,0,0,0,0,0,0,0,0,0,1,0,0,0,0,0,0,0,0,0,0,0,0,0,0,0,0,0,0,0,0,1,0,0,0,0,1,0,0,0,0,0,0,0,0,1,0,0,6912.75,0.2929369643050884,0,82953.0
34,1,13,57034,842,1,1734,15600.0,12,6.86,1348.81,64.9,0,0,0,0,0,0,0,0,0,0,0,0,0,1,0,0,0,0,0,0,0,0,0,0,0,0,0,0,0,0,0,0,0,1,0,0,0,0,0,1,0,0,0,0,0,0,1,0,0,0,4752.833333333333,0.2735210576147561,1,28517.0
34,4,10,88890,615,2,3222,7900.0,12,13.28,706.64,53.0,128,1,0,0,0,0,1,0,0,0,0,0,0,0,0,0,0,0,0,0,0,0,0,0,0,0,0,0,0,0,0,0,0,1,0,0,0,0,0,1,0,0,0,0,0,0,1,0,0,0,7407.5,0.08887388907638655,1,29630.0
28,4,7,123592,815,3,1139,9700.0,60,8.32,198.17,13.0,0,0,0,0,0,0,0,0,1,0,0,0,0,0,0,0,0,0,0,0,0,0,0,0,0,0,0,0,0,0,0,0,0,1,0,0,0,0,1,0,0,0,0,0,0,0,0,1,0,0,10299.333333333334,0.07848404427471034,0,30898.0
30,4,5,139361,850,1,5313,36200.0,48,7.37,873.08,53.3,0,0,0,0,0,0,1,0,0,0,0,0,0,0,0,0,0,0,0,0,0,0,0,0,0,0,0,0,0,0,0,0,0,0,0,0,1,0,0,1,0,0,0,0,0,0,1,0,0,0,11613.416666666666,0.2597570338903998,1,69680.5
54,3,30,69049,616,0,2122,14100.0,48,12.22,372.83,43.4,0,0,0,0,0,0,0,0,0,0,0,0,1,0,0,0,0,0,0,0,0,0,0,0,0,0,0,0,0,0,0,0,1,0,0,0,0,1,0,0,0,0,1,0,0,0,0,0,0,0,5754.083333333333,0.20420281249547423,1,69049.0
54,3,30,69049,616,0,2122,26200.0,48,11.78,687.12,48.8,0,0,0,0,0,0,0,0,0,0,0,0,1,0,0,0,0,0,0,0,0,0,0,0,0,0,0,0,0,0,0,0,1,0,0,0,0,1,0,0,0,1,0,0,0,0,0,0,0,0,5754.083333333333,0.379440687048328,1,69049.0
55,3,15,68663,681,3,516,12000.0,24,9.39,550.37,18.6,38,1,0,0,0,0,0,0,0,0,0,0,0,0,0,0,0,0,0,1,0,0,0,0,0,0,0,0,0,0,0,0,0,1,0,0,0,1,0,0,0,0,0,0,0,0,0,1,0,0,5721.916666666667,0.1747666137512197,0,17165.75
31,2,6,62036,567,1,419,37700.0,12,11.09,3333.57,72.6,102,1,0,0,0,0,0,0,0,0,0,0,0,0,0,0,0,1,0,0,0,0,0,0,0,0,0,0,0,0,0,0,0,0,0,0,1,1,0,0,0,0,0,0,0,0,0,0,0,1,5169.666666666667,0.6077116512992456,1,31018.0
48,3,27,100958,555,1,445,29000.0,48,14.5,799.76,14.8,0,0,0,0,0,0,0,0,0,0,0,0,0,0,1,0,0,0,0,0,0,0,0,0,0,0,0,0,0,0,0,0,0,0,0,0,1,0,0,1,0,0,0,0,0,0,0,0,0,1,8413.166666666666,0.28724816260227026,0,50479.0
44,2,17,70593,749,2,2934,38400.0,60,7.84,775.68,63.1,100,1,0,0,0,0,0,0,0,0,0,0,0,0,0,0,0,1,0,0,0,0,0,0,0,0,0,0,0,0,0,0,0,1,0,0,0,0,0,1,0,0,0,0,0,1,0,0,0,0,5882.75,0.5439632824784327,1,23531.0
53,2,25,30740,697,1,291,20500.0,60,8.67,422.27,27.8,0,0,0,0,0,0,0,0,0,0,0,0,0,0,0,0,0,0,0,0,0,0,0,1,0,0,0,0,0,0,0,0,0,1,0,0,0,0,0,1,0,0,0,0,0,1,0,0,0,0,2561.6666666666665,0.6668835393623943,0,15370.0
61,3,5,78362,548,3,919,42700.0,36,13.49,1448.83,36.3,0,0,0,0,0,0,0,0,0,1,0,0,0,0,0,0,0,0,0,0,0,0,0,0,0,0,0,0,0,0,0,0,1,0,0,0,0,1,0,0,1,0,0,0,0,0,0,0,0,0,6530.166666666667,0.5449069702151553,1,19590.5
61,3,5,78362,548,3,919,10600.0,60,12.03,235.95,17.7,0,0,0,0,0,0,0,0,0,1,0,0,0,0,0,0,0,0,0,0,0,0,0,0,0,0,0,0,0,0,0,0,1,0,0,0,0,1,0,0,0,0,0,0,0,0,0,0,1,0,6530.166666666667,0.13526964600188868,0,19590.5
38,3,8,61452,729,1,2393,12000.0,60,12.84,272.06,52.0,119,1,0,0,0,0,0,0,0,0,0,0,0,0,0,0,0,0,0,0,0,0,0,1,0,0,0,0,0,0,0,0,0,1,0,0,0,0,0,1,0,0,0,0,1,0,0,0,0,0,5121.0,0.19527436047646943,1,30726.0
52,1,14,57596,709,4,336,5200.0,36,9.46,166.47,10.5,0,0,0,0,0,0,0,0,0,0,0,0,1,0,0,0,0,0,0,0,0,0,0,0,0,0,0,0,0,0,0,0,0,1,0,0,0,0,0,1,0,1,0,0,0,0,0,0,0,0,4799.666666666667,0.09028404750329884,0,11519.2
23,4,1,56348,608,0,2459,29500.0,60,14.67,696.7,67.2,116,1,0,0,0,0,0,0,0,0,0,0,0,0,0,0,1,0,0,0,0,0,0,0,0,0,0,0,0,0,0,0,0,1,0,0,0,0,1,0,0,0,0,1,0,0,0,0,0,0,4695.666666666667,0.5235323347767445,1,56348.0
51,3,7,51304,840,4,444,40300.0,24,8.41,1830.2,53.2,0,0,0,0,0,0,0,0,0,0,0,0,0,0,0,0,0,0,0,0,0,0,0,0,1,0,0,0,0,0,0,0,0,0,0,0,1,0,0,1,0,0,0,0,0,0,0,0,1,0,4275.333333333333,0.78551380009356,1,10260.8
51,3,7,51304,840,4,444,4700.0,60,7.5,94.18,12.6,0,0,0,0,0,0,0,0,0,0,0,0,0,0,0,0,0,0,0,0,0,0,0,0,1,0,0,0,0,0,0,0,0,0,0,0,1,0,0,1,0,0,0,0,0,1,0,0,0,0,4275.333333333333,0.09161079058163106,0,10260.8
23,4,3,72879,727,0,2400,5800.0,12,9.58,508.78,47.9,0,0,0,0,0,0,0,0,0,0,0,0,0,0,0,0,0,0,0,0,0,1,0,0,0,0,0,0,0,0,0,0,0,0,1,0,0,0,0,1,0,0,0,1,0,0,0,0,0,0,6073.25,0.07958396794687084,1,72879.0
62,2,7,43333,837,2,807,15400.0,36,9.58,493.88,36.0,0,0,0,0,0,0,0,0,0,0,0,0,0,0,1,0,0,0,0,0,0,0,0,0,0,0,0,0,0,0,0,0,0,0,0,0,1,0,0,1,0,0,0,0,0,0,0,0,0,1,3611.0833333333335,0.3553873491334549,1,14444.333333333334
49,3,27,81913,546,0,3620,47600.0,24,13.53,2274.86,86.4,39,1,0,0,0,0,0,0,0,0,0,0,0,0,0,0,0,0,0,0,0,0,0,0,0,0,1,0,0,0,0,0,0,1,0,0,0,1,0,0,0,0,0,1,0,0,0,0,0,0,6826.083333333333,0.5811043424120713,1,81913.0
49,3,27,81913,546,0,3620,23300.0,12,14.9,2101.92,83.8,117,1,0,0,0,0,0,0,0,0,0,0,0,0,0,0,0,0,0,0,0,0,0,0,0,0,1,0,0,0,0,0,0,1,0,0,0,1,0,0,0,1,0,0,0,0,0,0,0,0,6826.083333333333,0.28444813399582486,1,81913.0
62,4,33,67726,625,2,2877,16300.0,12,13.69,1461.15,76.9,0,0,0,0,0,0,0,0,0,0,0,0,0,0,0,0,0,0,1,0,0,0,0,0,0,0,0,0,0,0,0,0,0,1,0,0,0,0,0,1,0,0,0,0,0,0,0,1,0,0,5643.833333333333,0.24067566370374746,1,22575.333333333332
62,4,33,67726,625,2,2877,43500.0,12,9.6,3816.25,118.6,0,0,0,0,0,0,0,0,0,0,0,0,0,0,0,0,0,0,1,0,0,0,0,0,0,0,0,0,0,0,0,0,0,1,0,0,0,0,0,1,0,0,0,0,0,0,0,0,1,0,5643.833333333333,0.6422939491480377,1,22575.333333333332
52,3,15,78399,700,0,1799,25900.0,36,8.45,817.0,40.0,0,0,0,0,0,0,0,0,0,0,0,0,0,0,0,0,0,0,0,0,1,0,0,0,0,0,0,0,0,0,0,0,1,0,0,0,0,0,0,1,0,0,1,0,0,0,0,0,0,0,6533.25,0.33036135664995725,1,78399.0
51,3,20,62062,788,1,926,19800.0,12,8.23,1724.48,51.2,0,0,0,0,0,0,0,0,0,0,0,0,0,0,0,0,0,0,0,0,0,1,0,0,0,0,0,0,0,0,0,0,0,0,0,0,1,0,1,0,0,0,0,0,0,0,0,1,0,0,5171.833333333333,0.31903580290677064,1,31031.0
39,4,16,78303,540,0,1652,28400.0,36,11.71,939.36,39.7,0,0,0,0,0,0,0,0,0,0,0,0,0,0,0,0,0,0,0,0,1,0,0,0,0,0,0,0,0,0,0,0,0,0,0,0,1,0,0,1,0,1,0,0,0,0,0,0,0,0,6525.25,0.3626936388133277,1,78303.0
57,4,28,110018,796,0,2312,8200.0,48,11.25,212.93,27.5,0,0,0,0,0,0,0,0,0,0,0,0,0,0,0,0,0,0,0,0,1,0,0,0,0,0,0,0,0,0,0,0,0,0,0,0,1,0,0,1,0,0,0,0,0,0,0,1,0,0,9168.166666666666,0.07453325819411369,0,110018.0
57,4,28,110018,796,0,2312,44800.0,48,9.81,1132.16,37.6,0,0,0,0,0,0,0,0,0,0,0,0,0,0,0,0,0,0,0,0,1,0,0,0,0,0,0,0,0,0,0,0,0,0,0,0,1,0,0,1,0,0,0,0,0,0,1,0,0,0,9168.166666666666,0.40720609354832843,1,110018.0
37,2,11,28195,796,2,530,31800.0,48,9.57,799.98,56.6,15,0,1,0,0,0,0,0,0,0,0,0,0,0,0,0,0,0,0,0,0,0,0,0,0,0,0,0,0,0,0,0,0,0,1,0,0,1,0,0,0,0,0,0,1,0,0,0,0,0,2349.5833333333335,1.1278595495655257,1,9398.333333333334
37,2,11,28195,796,2,530,12900.0,48,9.09,321.57,36.2,15,0,1,0,0,0,0,0,0,0,0,0,0,0,0,0,0,0,0,0,0,0,0,0,0,0,0,0,0,0,0,0,0,0,1,0,0,1,0,0,0,0,0,0,0,0,0,0,1,0,2349.5833333333335,0.4575279304841284,1,9398.333333333334
51,2,20,34974,623,4,1151,27200.0,36,11.88,901.87,70.4,58,1,0,0,0,0,0,0,0,0,0,0,0,0,0,0,0,1,0,0,0,0,0,0,0,0,0,0,0,0,0,0,0,1,0,0,0,0,1,0,0,0,0,0,0,0,1,0,0,0,2914.5,0.7777205924400984,1,6994.8
34,2,9,62875,803,3,1038,15500.0,36,9.64,497.53,29.3,0,0,0,0,0,0,0,1,0,0,0,0,0,0,0,0,0,0,0,0,0,0,0,0,0,0,0,0,0,0,0,0,0,1,0,0,0,1,0,0,0,0,0,0,0,0,0,0,1,0,5239.583333333333,0.24652087475149106,0,15718.75
45,1,1,41201,670,0,1792,35700.0,60,11.14,778.7,74.9,92,1,0,0,0,0,0,0,0,0,0,0,0,0,0,0,0,1,0,0,0,0,0,0,0,0,0,0,0,0,0,0,0,1,0,0,0,0,0,1,0,0,0,0,0,0,0,1,0,0,3433.4166666666665,0.8664838232081745,1,41201.0
62,4,18,129479,843,1,5748,18400.0,60,8.11,374.06,56.7,0,0,0,0,0,0,0,0,0,0,0,0,0,1,0,0,0,0,0,0,0,0,0,0,0,0,0,0,0,0,0,0,0,1,0,0,0,1,0,0,0,0,0,0,0,0,0,0,1,0,10789.916666666666,0.14210798662331342,1,64739.5
38,4,15,125137,755,2,1312,36200.0,48,7.99,883.58,21.1,0,0,0,0,0,1,0,0,0,0,0,0,0,0,0,0,0,0,0,0,0,0,0,0,0,0,0,0,0,0,0,0,0,1,0,0,0,0,1,0,0,0,0,0,1,0,0,0,0,0,10428.083333333334,0.28928294589130316,0,41712.333333333336
58,4,26,75894,820,2,2769,4900.0,60,10.19,104.57,45.4,0,0,0,0,0,0,0,0,0,0,0,1,0,0,0,0,0,0,0,0,0,0,0,0,0,0,0,0,0,0,0,0,0,1,0,0,0,1,0,0,0,0,0,0,0,1,0,0,0,0,6324.5,0.06456373362848183,1,25298.0
46,3,9,95478,759,2,3342,45400.0,12,11.14,4015.49,92.5,0,0,0,0,0,0,0,0,0,0,0,0,0,0,0,0,0,0,0,0,0,0,0,0,0,0,0,1,0,0,0,0,0,1,0,0,0,1,0,0,0,0,0,0,0,0,1,0,0,0,7956.5,0.4755022099331783,1,31826.0
35,3,5,45779,652,0,1050,17200.0,60,13.11,392.32,37.8,15,0,0,0,0,0,0,0,0,0,0,0,0,0,0,0,0,0,0,0,0,0,0,0,1,0,0,0,0,0,0,0,0,1,0,0,0,1,0,0,0,1,0,0,0,0,0,0,0,0,3814.9166666666665,0.37571812403066907,1,45779.0
60,3,29,58981,674,3,2181,31400.0,60,10.79,679.43,58.2,0,0,0,0,0,0,0,0,1,0,0,0,0,0,0,0,0,0,0,0,0,0,0,0,0,0,0,0,0,0,0,0,0,1,0,0,0,0,1,0,0,0,0,0,1,0,0,0,0,0,4915.083333333333,0.5323748325732015,1,14745.25
60,3,29,58981,674,3,2181,10800.0,36,9.32,345.05,51.4,0,0,0,0,0,0,0,0,1,0,0,0,0,0,0,0,0,0,0,0,0,0,0,0,0,0,0,0,0,0,0,0,0,1,0,0,0,0,1,0,0,0,1,0,0,0,0,0,0,0,4915.083333333333,0.1831098150251776,1,14745.25
62,3,34,53220,588,3,2054,21500.0,48,12.93,576.04,59.3,78,1,0,0,0,0,0,0,0,1,0,0,0,0,0,0,0,0,0,0,0,0,0,0,0,0,0,0,0,0,0,0,1,0,0,0,0,0,1,0,0,0,0,1,0,0,0,0,0,0,4435.0,0.40398346486283354,1,13305.0
26,1,2,43345,821,2,1444,9400.0,24,6.99,420.82,51.6,0,0,0,0,0,0,0,0,0,0,0,0,0,1,0,0,0,0,0,0,0,0,0,0,0,0,0,0,0,0,0,0,0,0,0,0,1,1,0,0,0,0,0,1,0,0,0,0,0,0,3612.0833333333335,0.216864690275695,1,14448.333333333334
39,3,13,45732,550,0,364,12500.0,48,15.13,348.71,18.7,0,0,0,0,0,0,0,0,0,0,0,0,0,0,0,0,0,0,0,0,0,0,0,0,0,0,0,0,0,0,0,1,0,1,0,0,0,0,0,1,0,0,0,0,0,0,1,0,0,0,3811.0,0.27333158401119567,0,45732.0
65,4,2,74897,672,1,2345,10900.0,60,8.84,225.42,41.2,0,0,0,0,0,0,0,0,0,0,0,0,0,0,0,0,0,0,0,0,0,0,0,0,1,0,0,0,0,0,0,0,0,0,1,0,0,0,0,1,0,0,0,0,0,1,0,0,0,0,6241.416666666667,0.14553319892652578,1,37448.5
65,4,2,74897,672,1,2345,29700.0,12,13.69,2662.35,80.2,0,0,0,0,0,0,0,0,0,0,0,0,0,0,0,0,0,0,0,0,0,0,0,0,1,0,0,0,0,0,0,0,0,0,1,0,0,0,0,1,0,0,0,0,0,1,0,0,0,0,6241.416666666667,0.396544587900717,1,37448.5
39,1,2,24609,776,1,789,16200.0,36,9.39,518.1,63.7,0,0,0,1,0,0,0,0,0,0,0,0,0,0,0,0,0,0,0,0,0,0,0,0,0,0,0,0,0,0,0,0,0,0,1,0,0,1,0,0,0,0,0,0,0,0,1,0,0,0,2050.75,0.6582957454589784,1,12304.5
32,2,12,42715,735,0,627,26700.0,60,9.31,558.27,33.3,0,0,0,0,0,0,0,0,0,0,0,0,0,1,0,0,0,0,0,0,0,0,0,0,0,0,0,0,0,0,0,0,0,0,0,0,1,1,0,0,0,0,0,0,1,0,0,0,0,0,3559.5833333333335,0.6250731593117171,1,42715.0
29,5,8,120275,550,0,2314,17900.0,36,15.64,626.13,29.3,39,1,0,0,0,0,0,0,0,0,0,0,0,0,0,0,0,0,0,0,0,0,0,0,0,0,0,1,0,0,0,0,0,1,0,0,0,1,0,0,0,0,0,0,0,0,0,0,1,0,10022.916666666666,0.14882560798170857,0,120275.0
53,3,8,53587,811,3,1305,36900.0,60,7.79,744.5,45.9,0,0,0,0,0,0,0,0,0,0,0,0,0,1,0,0,0,0,0,0,0,0,0,0,0,0,0,0,0,0,0,0,0,0,0,0,1,0,0,1,0,0,0,0,0,0,0,0,0,1,4465.583333333333,0.6885998469778117,1,13396.75
23,5,2,50328,611,1,680,9100.0,24,12.34,429.81,26.5,101,1,0,0,0,0,0,0,0,0,0,0,0,0,0,0,0,1,0,0,0,0,0,0,0,0,0,0,0,0,0,0,0,0,1,0,0,1,0,0,0,0,0,0,0,0,0,0,0,1,4194.0,0.1808138610713718,0,25164.0
29,3,4,93690,795,1,2273,5100.0,24,11.3,238.41,32.2,0,0,0,0,0,0,0,0,0,0,0,0,0,0,0,0,0,0,1,0,0,0,0,0,0,0,0,0,0,0,0,0,0,1,0,0,0,1,0,0,1,0,0,0,0,0,0,0,0,0,7807.5,0.05443483829650977,1,46845.0
52,2,32,25916,831,3,406,18700.0,12,7.86,1625.47,94.1,0,0,0,0,0,0,0,0,0,1,0,0,0,0,0,0,0,0,0,0,0,0,0,0,0,0,0,0,0,0,0,0,0,0,1,0,0,0,0,1,0,1,0,0,0,0,0,0,0,0,2159.6666666666665,0.7215619694397284,1,6479.0
48,2,9,41743,531,2,1911,13400.0,48,14.78,371.44,65.6,118,1,0,0,0,0,0,0,0,0,0,0,0,0,0,0,0,0,0,0,0,0,0,1,0,0,0,0,0,0,0,0,0,0,0,0,1,0,0,1,0,0,0,0,0,1,0,0,0,0,3478.5833333333335,0.32101190618786385,1,13914.333333333334
48,2,9,41743,531,2,1911,34300.0,12,11.41,3038.05,142.3,107,1,0,0,0,0,0,0,0,0,0,0,0,0,0,0,0,0,0,0,0,0,0,1,0,0,0,0,0,0,0,0,0,0,0,0,1,0,0,1,0,0,1,0,0,0,0,0,0,0,3478.5833333333335,0.8216946553913231,1,13914.333333333334
53,4,24,96156,710,3,4330,34800.0,48,10.54,891.67,65.2,0,0,0,0,0,0,0,0,0,0,0,0,0,0,0,0,0,0,0,1,0,0,0,0,0,0,0,0,0,0,0,0,0,1,0,0,0,1,0,0,0,0,0,0,0,0,0,1,0,0,8013.0,0.3619118931735929,1,24039.0
37,3,10,90079,562,3,1806,48200.0,12,11.12,4262.69,80.8,30,0,0,0,0,0,0,0,0,0,0,0,0,0,0,0,0,0,0,0,0,0,0,0,0,1,0,0,0,0,0,0,0,1,0,0,0,0,0,1,0,0,0,0,0,1,0,0,0,0,7506.583333333333,0.5350858690704826,1,22519.75
64,4,8,67650,553,1,564,14100.0,12,12.06,1253.16,32.2,0,0,0,0,0,0,0,0,0,0,0,0,0,0,1,0,0,0,0,0,0,0,0,0,0,0,0,0,0,0,0,0,0,0,0,0,1,1,0,0,1,0,0,0,0,0,0,0,0,0,5637.5,0.20842572062084258,1,33825.0
64,4,8,67650,553,1,564,27000.0,24,12.35,1275.4,32.6,0,0,0,0,0,0,0,0,0,0,0,0,0,0,1,0,0,0,0,0,0,0,0,0,0,0,0,0,0,0,0,0,0,0,0,0,1,1,0,0,0,0,0,0,0,0,0,0,0,1,5637.5,0.3991130820399113,1,33825.0
50,1,13,22940,598,0,842,10300.0,36,11.29,338.63,61.8,53,1,0,0,0,0,0,0,0,1,0,0,0,0,0,0,0,0,0,0,0,0,0,0,0,0,0,0,0,0,0,0,1,0,0,0,0,0,0,1,0,0,0,0,1,0,0,0,0,0,1911.6666666666667,0.4489973844812554,1,22940.0
38,2,17,59422,698,2,2444,42100.0,60,11.56,927.16,68.1,63,1,0,0,0,0,0,0,0,0,0,0,0,0,0,0,0,0,0,1,0,0,0,0,0,0,0,0,0,0,0,0,0,0,0,0,1,1,0,0,0,0,0,0,0,0,0,0,0,1,4951.833333333333,0.7084918043822154,1,19807.333333333332
53,4,18,60470,850,0,2716,10900.0,12,9.31,954.79,72.8,0,0,1,0,0,0,0,0,0,0,0,0,0,0,0,0,0,0,0,0,0,0,0,0,0,0,0,0,0,0,0,0,0,1,0,0,0,0,0,1,0,0,0,0,0,0,0,0,0,1,5039.166666666667,0.18025467173805193,1,60470.0
62,4,1,68874,688,0,1315,35200.0,36,9.82,1132.83,42.6,45,1,0,0,0,0,0,0,0,0,0,1,0,0,0,0,0,0,0,0,0,0,0,0,0,0,0,0,0,0,0,0,0,1,0,0,0,0,1,0,1,0,0,0,0,0,0,0,0,0,5739.5,0.511078200772425,1,68874.0
49,1,5,42320,622,3,1269,14400.0,36,10.52,468.17,49.3,15,0,0,0,0,0,0,0,0,0,0,0,0,0,0,0,0,0,0,0,0,0,0,0,0,0,0,0,0,0,0,1,0,1,0,0,0,0,1,0,0,0,0,1,0,0,0,0,0,0,3526.6666666666665,0.34026465028355385,1,10580.0
37,3,8,30477,850,0,1148,8000.0,48,6.93,191.31,52.7,0,0,0,0,0,0,0,0,0,0,0,0,0,0,0,0,1,0,0,0,0,0,0,0,0,0,0,0,0,0,0,0,0,0,1,0,0,1,0,0,0,0,0,0,0,0,0,0,1,0,2539.75,0.26249302752895626,1,30477.0
40,3,18,68782,711,2,1595,39300.0,12,12.63,3503.35,88.9,0,0,0,1,0,0,0,0,0,0,0,0,0,0,0,0,0,0,0,0,0,0,0,0,0,0,0,0,0,0,0,0,0,1,0,0,0,1,0,0,0,0,0,0,0,0,0,0,0,1,5731.833333333333,0.5713704166787822,1,22927.333333333332
41,1,12,39408,646,0,1312,40800.0,60,9.25,851.9,65.9,0,0,0,0,0,0,0,0,0,0,0,0,0,0,1,0,0,0,0,0,0,0,0,0,0,0,0,0,0,0,0,0,0,1,0,0,0,1,0,0,0,0,0,0,0,0,1,0,0,0,3284.0,1.0353227771010962,1,39408.0
23,5,0,95183,829,1,3982,2200.0,48,6.79,52.47,50.9,0,0,1,0,0,0,0,0,0,0,0,0,0,0,0,0,0,0,0,0,0,0,0,0,0,0,0,0,0,0,0,0,0,0,0,0,1,0,0,1,0,0,0,0,1,0,0,0,0,0,7931.916666666667,0.023113371085172772,1,47591.5
23,5,0,95183,829,1,3982,43000.0,36,6.59,1319.67,66.8,0,0,1,0,0,0,0,0,0,0,0,0,0,0,0,0,0,0,0,0,0,0,0,0,0,0,0,0,0,0,0,0,0,0,0,0,1,0,0,1,0,0,0,0,1,0,0,0,0,0,7931.916666666667,0.4517613439374678,1,47591.5
40,4,20,123405,662,2,4221,16300.0,48,13.45,440.94,45.3,15,0,0,0,0,0,0,0,0,0,0,0,0,0,0,0,0,0,1,0,0,0,0,0,0,0,0,0,0,0,0,0,0,1,0,0,0,0,1,0,0,0,0,0,0,1,0,0,0,0,10283.75,0.13208540982942343,1,41135.0
64,3,2,46799,850,0,906,18500.0,60,7.03,366.58,32.6,168,1,0,0,0,0,0,0,0,0,0,0,0,1,0,0,0,0,0,0,0,0,0,0,0,0,0,0,0,0,0,0,0,1,0,0,0,1,0,0,0,0,1,0,0,0,0,0,0,0,3899.9166666666665,0.395307592042565,1,46799.0
30,1,3,48711,619,3,945,38600.0,48,14.52,1064.9,49.5,44,1,0,0,0,0,0,0,0,0,0,0,0,0,0,0,0,1,0,0,0,0,0,0,0,0,0,0,0,0,0,0,0,1,0,0,0,0,1,0,0,0,0,0,0,0,0,0,1,0,4059.25,0.7924288148467492,1,12177.75
54,4,18,76648,781,3,1815,12200.0,60,9.28,254.91,32.4,0,0,0,0,0,0,0,0,0,0,0,0,0,0,0,0,0,0,0,1,0,0,0,0,0,0,0,0,0,0,0,0,1,0,0,0,0,0,0,1,0,0,1,0,0,0,0,0,0,0,6387.333333333333,0.1591691890199353,1,19162.0
26,1,6,31605,728,0,651,17200.0,60,8.1,349.58,38.0,42,1,0,0,0,0,0,0,0,0,0,0,0,0,0,0,0,0,0,0,0,0,0,0,0,0,0,0,0,1,0,0,0,0,0,1,0,0,0,1,0,0,0,0,0,0,0,0,1,0,2633.75,0.54421768707483,1,31605.0
38,3,18,83526,674,3,725,10200.0,60,9.09,212.18,13.5,86,1,0,0,0,1,0,0,0,0,0,0,0,0,0,0,0,0,0,0,0,0,0,0,0,0,0,0,0,0,0,0,0,1,0,0,0,1,0,0,0,0,0,0,1,0,0,0,0,0,6960.5,0.12211766396092234,0,20881.5
38,3,18,83526,674,3,725,22500.0,48,10.39,574.88,18.7,30,0,0,0,0,1,0,0,0,0,0,0,0,0,0,0,0,0,0,0,0,0,0,0,0,0,0,0,0,0,0,0,0,1,0,0,0,1,0,0,0,0,0,0,1,0,0,0,0,0,6960.5,0.26937719991379927,0,20881.5
36,3,7,55425,697,3,2331,6500.0,24,12.17,306.49,57.1,0,0,0,0,0,1,0,0,0,0,0,0,0,0,0,0,0,0,0,0,0,0,0,0,0,0,0,0,0,0,0,0,0,0,1,0,0,1,0,0,0,0,0,0,0,0,1,0,0,0,4618.75,0.11727559765448804,1,13856.25
41,3,9,43493,549,0,1789,16200.0,60,12.73,366.36,59.5,154,1,0,0,0,0,0,1,0,0,0,0,0,0,0,0,0,0,0,0,0,0,0,0,0,0,0,0,0,0,0,0,0,1,0,0,0,0,0,1,0,0,1,0,0,0,0,0,0,0,3624.4166666666665,0.3724737314050537,1,43493.0
41,3,9,43493,549,0,1789,4000.0,12,14.38,359.86,59.3,151,1,0,0,0,0,0,1,0,0,0,0,0,0,0,0,0,0,0,0,0,0,0,0,0,0,0,0,0,0,0,0,0,1,0,0,0,0,0,1,0,0,0,0,1,0,0,0,0,0,3624.4166666666665,0.09196882256914905,1,43493.0
30,3,6,101170,821,0,2170,14400.0,48,8.38,354.12,29.9,0,0,1,0,0,0,0,0,0,0,0,0,0,0,0,0,0,0,0,0,0,0,0,0,0,0,0,0,0,0,0,0,0,1,0,0,0,1,0,0,0,1,0,0,0,0,0,0,0,0,8430.833333333334,0.14233468419491943,0,101170.0
28,4,0,74343,678,1,3254,39600.0,36,10.79,1292.52,73.4,165,1,0,0,0,0,0,0,0,0,0,0,0,0,0,0,0,0,0,0,0,1,0,0,0,0,0,0,0,0,0,0,0,0,1,0,0,0,0,1,0,0,0,0,1,0,0,0,0,0,6195.25,0.5326661555223761,1,37171.5
45,1,11,41565,850,0,384,23700.0,60,8.37,484.76,25.1,0,0,0,0,0,0,0,0,0,0,0,0,0,0,0,0,0,0,1,0,0,0,0,0,0,0,0,0,0,0,0,0,0,0,0,0,1,0,1,0,0,0,0,0,0,0,0,0,0,1,3463.75,0.5701912666907254,0,41565.0
45,1,11,41565,850,0,384,4400.0,48,8.32,108.08,14.2,0,0,0,0,0,0,0,0,0,0,0,0,0,0,0,0,0,0,1,0,0,0,0,0,0,0,0,0,0,0,0,0,0,0,0,0,1,0,1,0,0,1,0,0,0,0,0,0,0,0,3463.75,0.10585829423794058,0,41565.0
51,1,3,44910,540,4,1659,17400.0,48,11.22,451.57,56.4,0,0,0,0,0,0,0,0,1,0,0,0,0,0,0,0,0,0,0,0,0,0,0,0,0,0,0,0,0,0,0,0,0,1,0,0,0,0,0,1,0,0,0,0,0,1,0,0,0,0,3742.5,0.38744154976619904,1,8982.0
35,1,7,29691,635,2,861,4200.0,48,12.38,111.39,39.3,0,0,0,0,0,0,0,0,0,1,0,0,0,0,0,0,0,0,0,0,0,0,0,0,0,0,0,0,0,0,0,0,0,0,0,0,1,1,0,0,0,0,0,0,1,0,0,0,0,0,2474.25,0.1414570071738911,1,9897.0
39,4,5,65753,663,0,314,6300.0,48,13.3,169.95,8.8,0,0,0,0,0,0,0,0,0,0,0,0,0,0,0,0,0,0,0,0,0,0,1,0,0,0,0,0,0,0,0,0,0,1,0,0,0,0,1,0,0,0,0,0,1,0,0,0,0,0,5479.416666666667,0.09581311879305887,0,65753.0
37,3,13,57530,594,0,1314,25400.0,48,10.99,656.35,41.1,79,1,1,0,0,0,0,0,0,0,0,0,0,0,0,0,0,0,0,0,0,0,0,0,0,0,0,0,0,0,0,0,0,1,0,0,0,1,0,0,0,0,0,0,0,1,0,0,0,0,4794.166666666667,0.4415087780288545,1,57530.0
45,3,1,72744,849,3,1883,6800.0,60,6.15,131.94,33.2,149,1,0,0,0,0,0,0,0,0,0,0,0,0,0,0,0,0,0,0,0,0,0,0,0,0,0,0,1,0,0,0,0,1,0,0,0,0,0,1,1,0,0,0,0,0,0,0,0,0,6062.0,0.09347849994501264,1,18186.0
51,3,27,104309,750,2,2362,12600.0,36,10.52,409.65,31.9,0,0,0,0,0,0,0,0,0,0,0,0,0,0,0,0,0,0,0,0,0,0,0,0,0,0,1,0,0,0,0,0,0,1,0,0,0,0,0,1,0,0,0,0,0,0,1,0,0,0,8692.416666666666,0.1207949457860779,1,34769.666666666664
27,2,5,35230,844,1,812,31100.0,60,8.3,635.07,49.3,0,0,0,0,0,0,0,0,0,0,0,0,0,0,0,0,0,0,0,0,0,0,0,0,0,0,0,0,0,0,0,1,0,1,0,0,0,1,0,0,0,0,0,0,0,0,0,1,0,0,2935.8333333333335,0.8827703661652001,1,17615.0
60,3,13,47899,812,0,876,10300.0,60,11.2,224.98,27.6,0,0,0,0,0,0,1,0,0,0,0,0,0,0,0,0,0,0,0,0,0,0,0,0,0,0,0,0,0,0,0,0,0,0,0,0,1,1,0,0,0,0,0,1,0,0,0,0,0,0,3991.5833333333335,0.21503580450531326,0,47899.0
51,3,16,60540,695,2,1448,11900.0,48,12.47,316.13,35.0,0,0,0,0,0,0,0,0,0,1,0,0,0,0,0,0,0,0,0,0,0,0,0,0,0,0,0,0,0,0,0,0,0,0,0,0,1,1,0,0,0,0,0,0,0,0,0,1,0,0,5045.0,0.1965642550379914,1,20180.0
27,4,2,62885,725,4,1733,8400.0,36,9.11,267.55,38.2,108,1,0,0,0,0,0,0,0,0,0,0,0,0,1,0,0,0,0,0,0,0,0,0,0,0,0,0,0,0,0,0,0,1,0,0,0,1,0,0,0,0,0,0,0,1,0,0,0,0,5240.416666666667,0.13357716466565953,1,12577.0
64,1,3,45819,746,1,388,37900.0,12,12.45,3375.35,98.6,15,0,0,0,0,0,0,0,0,0,0,0,0,0,0,0,0,0,0,0,0,0,0,0,0,0,0,0,0,0,0,1,0,1,0,0,0,0,0,1,0,0,0,0,0,0,0,0,1,0,3818.25,0.8271677688295249,1,22909.5
54,2,22,39760,580,0,627,30000.0,12,14.64,2702.66,100.5,115,1,0,0,0,0,0,0,0,0,0,0,0,0,0,0,0,0,0,0,0,0,0,0,0,0,0,0,0,1,0,0,0,0,0,0,1,0,0,1,0,0,0,1,0,0,0,0,0,0,3313.3333333333335,0.7545271629778671,1,39760.0
36,4,0,138216,850,3,2116,14900.0,60,8.55,306.06,21.0,0,0,0,0,0,0,0,0,0,0,0,0,0,0,0,0,1,0,0,0,0,0,0,0,0,0,0,0,0,0,0,0,1,0,0,0,0,1,0,0,1,0,0,0,0,0,0,0,0,0,11518.0,0.10780228048851073,0,34554.0
33,2,0,71975,714,2,1501,45700.0,36,12.54,1529.71,50.5,0,0,0,0,0,0,0,0,0,1,0,0,0,0,0,0,0,0,0,0,0,0,0,0,0,0,0,0,0,0,0,0,0,0,0,0,1,0,1,0,0,0,1,0,0,0,0,0,0,0,5997.916666666667,0.6349426884334839,1,23991.666666666668
31,4,3,37483,796,1,734,25000.0,24,7.43,1124.19,59.5,0,0,0,0,0,0,0,0,0,0,0,0,0,1,0,0,0,0,0,0,0,0,0,0,0,0,0,0,0,0,0,0,0,0,0,1,0,1,0,0,0,0,0,0,0,0,0,1,0,0,3123.5833333333335,0.6669690259584344,1,18741.5
68,2,9,34167,551,0,258,32900.0,24,12.42,1555.18,63.7,0,0,0,0,0,0,0,0,0,0,0,0,0,0,0,0,0,0,0,0,0,0,0,0,0,0,0,0,0,0,0,1,0,0,0,1,0,0,1,0,0,0,0,0,0,0,0,0,0,1,2847.25,0.9629174349518541,1,34167.0
68,2,9,34167,551,0,258,12900.0,60,14.96,306.62,19.8,0,0,0,0,0,0,0,0,0,0,0,0,0,0,0,0,0,0,0,0,0,0,0,0,0,0,0,0,0,0,0,1,0,0,0,1,0,0,1,0,0,0,0,1,0,0,0,0,0,0,2847.25,0.37755729212397926,0,34167.0
50,3,6,68802,674,1,604,34300.0,12,9.71,3010.89,63.0,130,1,0,0,0,0,0,1,0,0,0,0,0,0,0,0,0,0,0,0,0,0,0,0,0,0,0,0,0,0,0,0,0,1,0,0,0,0,0,1,0,0,0,0,0,0,0,0,0,1,5733.5,0.49853201941804015,1,34401.0
65,3,14,83163,563,0,1054,5700.0,24,12.0,268.32,19.1,15,0,0,0,0,0,0,0,0,0,0,0,0,0,0,0,0,0,0,0,0,0,0,0,0,0,0,0,0,0,0,1,0,1,0,0,0,1,0,0,1,0,0,0,0,0,0,0,0,0,6930.25,0.06854009595613433,0,83163.0
65,3,14,83163,563,0,1054,48500.0,60,15.28,1160.95,32.0,0,0,0,0,0,0,0,0,0,0,0,0,0,0,0,0,0,0,0,0,0,0,0,0,0,0,0,0,0,0,0,1,0,1,0,0,0,1,0,0,0,0,1,0,0,0,0,0,0,0,6930.25,0.5831920445390378,1,83163.0
35,4,0,79434,596,0,1589,21200.0,60,13.29,485.52,31.3,0,0,0,1,0,0,0,0,0,0,0,0,0,0,0,0,0,0,0,0,0,0,0,0,0,0,0,0,0,0,0,0,0,0,0,0,1,1,0,0,0,0,0,0,1,0,0,0,0,0,6619.5,0.2668882342573709,1,79434.0
67,2,4,33144,706,0,163,20400.0,36,11.07,668.55,30.1,0,0,1,0,0,0,0,0,0,0,0,0,0,0,0,0,0,0,0,0,0,0,0,0,0,0,0,0,0,0,0,0,0,0,1,0,0,1,0,0,0,0,0,0,0,0,0,1,0,0,2762.0,0.6154960173787111,1,33144.0
26,4,3,57088,850,0,1010,9200.0,24,8.93,420.0,30.1,0,0,0,0,0,0,0,0,0,0,0,0,0,0,0,0,0,0,0,0,0,0,0,0,0,0,0,0,0,0,1,0,0,0,1,0,0,1,0,0,0,0,1,0,0,0,0,0,0,0,4757.333333333333,0.16115470852017938,1,57088.0
26,4,3,57088,850,0,1010,5100.0,36,8.71,161.49,24.6,0,0,0,0,0,0,0,0,0,0,0,0,0,0,0,0,0,0,0,0,0,0,0,0,0,0,0,0,0,0,1,0,0,0,1,0,0,1,0,0,0,0,0,0,0,0,1,0,0,0,4757.333333333333,0.08933576233183857,0,57088.0
61,3,6,63686,758,1,474,9100.0,48,10.07,231.11,13.3,0,0,0,0,0,0,0,0,0,0,0,0,0,0,1,0,0,0,0,0,0,0,0,0,0,0,0,0,0,0,0,0,0,0,0,0,1,0,1,0,0,0,0,1,0,0,0,0,0,0,5307.166666666667,0.14288854693339195,0,31843.0
41,4,16,121448,589,1,5090,46500.0,24,10.2,2150.03,71.5,105,1,0,0,0,0,0,0,0,0,1,0,0,0,0,0,0,0,0,0,0,0,0,0,0,0,0,0,0,0,0,0,0,1,0,0,0,1,0,0,0,0,0,0,0,0,1,0,0,0,10120.666666666666,0.3828799156840788,1,60724.0
41,4,16,121448,589,1,5090,48500.0,60,13.52,1116.48,61.3,58,1,0,0,0,0,0,0,0,0,1,0,0,0,0,0,0,0,0,0,0,0,0,0,0,0,0,0,0,0,0,0,0,1,0,0,0,1,0,0,0,0,0,0,0,0,0,0,1,0,10120.666666666666,0.39934786904683484,1,60724.0
44,3,7,49067,605,0,1436,13500.0,36,10.04,435.86,45.8,0,0,0,0,0,0,0,0,0,0,0,0,0,0,0,0,0,0,1,0,0,0,0,0,0,0,0,0,0,0,0,0,0,0,0,1,0,0,1,0,0,0,1,0,0,0,0,0,0,0,4088.9166666666665,0.2751340004483665,1,49067.0
63,1,28,26701,762,2,818,19900.0,36,8.28,626.17,64.9,0,0,0,0,0,0,1,0,0,0,0,0,0,0,0,0,0,0,0,0,0,0,0,0,0,0,0,0,0,0,0,0,0,0,0,1,0,0,0,1,0,0,0,0,0,0,0,0,0,1,2225.0833333333335,0.7452904385603536,1,8900.333333333334
61,2,4,26403,750,1,412,11000.0,60,10.53,236.6,29.5,0,0,0,0,0,1,0,0,0,0,0,0,0,0,0,0,0,0,0,0,0,0,0,0,0,0,0,0,0,0,0,0,0,0,0,1,0,1,0,0,0,0,0,0,0,0,0,1,0,0,2200.25,0.4166193235617165,0,13201.5
25,3,0,70059,554,0,2814,2600.0,36,12.52,87.0,49.7,0,0,0,0,0,0,0,0,0,0,0,0,0,0,0,1,0,0,0,0,0,0,0,0,0,0,0,0,0,0,0,0,0,1,0,0,0,1,0,0,0,0,0,1,0,0,0,0,0,0,5838.25,0.03711157738477569,1,70059.0
25,3,0,70059,554,0,2814,21900.0,48,12.21,578.97,58.1,0,0,0,0,0,0,0,0,0,0,0,0,0,0,0,1,0,0,0,0,0,0,0,0,0,0,0,0,0,0,0,0,0,1,0,0,0,1,0,0,0,0,0,0,0,0,0,0,1,0,5838.25,0.3125936710486875,1,70059.0
27,3,0,70121,818,2,842,19300.0,60,11.3,422.52,21.6,0,0,0,0,0,0,0,0,0,0,0,1,0,0,0,0,0,0,0,0,0,0,0,0,0,0,0,0,0,0,0,0,0,1,0,0,0,1,0,0,0,0,0,0,0,0,1,0,0,0,5843.416666666667,0.2752385162790034,0,23373.666666666668
60,3,21,44547,582,1,505,20600.0,60,14.08,480.18,26.5,127,1,0,0,0,0,0,0,0,0,0,0,0,0,0,0,0,0,0,0,1,0,0,0,0,0,0,0,0,0,0,0,0,1,0,0,0,0,0,1,1,0,0,0,0,0,0,0,0,0,3712.25,0.4624329360001796,0,22273.5
37,4,5,59739,842,0,1266,17700.0,60,7.49,354.59,32.6,0,0,0,0,0,0,0,0,0,0,0,0,0,0,0,0,0,0,0,0,0,0,0,0,0,0,0,0,1,0,0,0,0,0,0,1,0,1,0,0,0,0,0,0,0,0,0,0,1,0,4978.25,0.2962888565258876,1,59739.0
43,3,2,80850,711,2,1294,24800.0,36,10.24,803.02,31.1,0,0,0,0,0,0,0,0,0,0,0,0,0,0,0,0,0,1,0,0,0,0,0,0,0,0,0,0,0,0,0,0,0,1,0,0,0,1,0,0,0,0,0,0,0,0,0,0,1,0,6737.5,0.3067408781694496,1,26950.0
68,4,21,63786,611,0,1195,5200.0,36,12.72,174.51,25.8,0,0,0,0,0,0,0,0,0,0,0,0,0,0,0,0,1,0,0,0,0,0,0,0,0,0,0,0,0,0,0,0,0,0,0,1,0,0,1,0,0,0,0,0,0,0,0,0,1,0,5315.5,0.08152259116420531,0,63786.0
63,3,19,78563,578,2,2989,37200.0,12,14.59,3350.42,96.8,0,0,0,0,0,1,0,0,0,0,0,0,0,0,0,0,0,0,0,0,0,0,0,0,0,0,0,0,0,0,0,0,0,1,0,0,0,1,0,0,0,0,0,0,1,0,0,0,0,0,6546.916666666667,0.4735053396637094,1,26187.666666666668
64,4,5,84093,809,1,414,12800.0,48,9.7,322.8,10.5,104,1,0,1,0,0,0,0,0,0,0,0,0,0,0,0,0,0,0,0,0,0,0,0,0,0,0,0,0,0,0,0,0,0,0,1,0,1,0,0,0,0,0,1,0,0,0,0,0,0,7007.75,0.15221243147467683,0,42046.5
41,1,6,55757,778,0,919,38800.0,24,10.86,1805.86,58.6,15,0,0,0,0,0,0,0,0,1,0,0,0,0,0,0,0,0,0,0,0,0,0,0,0,0,0,0,0,0,0,0,0,1,0,0,0,0,1,0,0,0,0,0,1,0,0,0,0,0,4646.416666666667,0.6958767509012321,1,55757.0
28,3,0,87725,809,2,844,35500.0,36,7.0,1096.14,26.5,0,0,0,0,0,0,1,0,0,0,0,0,0,0,0,0,0,0,0,0,0,0,0,0,0,0,0,0,0,0,0,0,0,1,0,0,0,0,0,1,1,0,0,0,0,0,0,0,0,0,7310.416666666667,0.40467369620974636,0,29241.666666666668
46,1,25,46788,849,1,995,34400.0,24,6.36,1530.22,64.8,0,0,1,0,0,0,0,0,0,0,0,0,0,0,0,0,0,0,0,0,0,0,0,0,0,0,0,0,0,0,0,0,0,1,0,0,0,0,0,1,0,0,0,0,0,0,0,0,1,0,3899.0,0.7352312558775754,1,23394.0
65,4,14,64193,764,4,2365,36200.0,12,9.35,3171.62,103.5,63,1,0,0,0,0,0,0,0,0,0,0,0,0,0,1,0,0,0,0,0,0,0,0,0,0,0,0,0,0,0,0,0,0,0,1,0,1,0,0,0,0,0,0,0,0,0,1,0,0,5349.416666666667,0.5639244154347047,1,12838.6
34,3,12,62044,771,1,1340,31400.0,24,11.24,1466.99,54.3,0,0,0,0,0,0,0,0,0,0,0,0,0,0,0,0,0,0,0,0,0,0,0,0,0,0,0,0,0,0,1,0,0,0,0,1,0,1,0,0,0,0,0,0,0,0,0,0,1,0,5170.333333333333,0.5060924505189865,1,31022.0
34,3,12,62044,771,1,1340,7700.0,24,11.43,360.42,32.9,0,0,0,0,0,0,0,0,0,0,0,0,0,0,0,0,0,0,0,0,0,0,0,0,0,0,0,0,0,0,1,0,0,0,0,1,0,1,0,0,0,0,1,0,0,0,0,0,0,0,5170.333333333333,0.1241054735349107,1,31022.0
32,4,0,66474,663,1,2864,39600.0,12,9.04,3463.81,114.2,0,0,0,0,0,0,0,0,0,0,0,0,0,0,0,0,0,0,0,0,0,0,1,0,0,0,0,0,0,0,0,0,1,0,0,0,0,1,0,0,0,0,0,0,0,1,0,0,0,0,5539.5,0.5957216355266721,1,33237.0
32,4,0,66474,663,1,2864,24500.0,36,9.17,781.03,65.8,0,0,0,0,0,0,0,0,0,0,0,0,0,0,0,0,0,0,0,0,0,0,1,0,0,0,0,0,0,0,0,0,1,0,0,0,0,1,0,0,0,0,0,0,0,0,0,1,0,0,5539.5,0.3685651532930168,1,33237.0
67,4,17,79058,617,0,1770,11600.0,36,9.86,373.54,32.5,15,0,0,0,0,0,0,0,0,0,1,0,0,0,0,0,0,0,0,0,0,0,0,0,0,0,0,0,0,0,0,0,1,0,0,0,0,1,0,0,0,1,0,0,0,0,0,0,0,0,6588.166666666667,0.14672771888992892,1,79058.0
67,4,17,79058,617,0,1770,43000.0,60,10.93,933.42,41.0,178,1,0,0,0,0,0,0,0,0,1,0,0,0,0,0,0,0,0,0,0,0,0,0,0,0,0,0,0,0,0,0,1,0,0,0,0,1,0,0,0,0,0,1,0,0,0,0,0,0,6588.166666666667,0.5439044751954262,1,79058.0
36,4,1,134434,762,0,6130,11200.0,36,8.16,351.79,57.9,0,0,0,0,0,0,0,0,0,0,0,0,0,0,0,0,0,0,0,0,0,0,0,0,0,0,0,0,0,1,0,0,1,0,0,0,0,1,0,0,0,0,0,0,0,0,0,1,0,0,11202.833333333334,0.08331225731585759,1,134434.0
45,2,25,33977,696,0,1316,15600.0,48,11.77,409.05,60.9,120,1,0,0,0,0,0,0,0,0,0,0,0,0,0,0,0,0,0,0,0,0,0,0,0,0,0,1,0,0,0,0,0,1,0,0,0,0,1,0,0,0,0,0,0,0,0,0,1,0,2831.4166666666665,0.45913412014009475,1,33977.0
66,4,0,94849,850,0,3695,12900.0,12,9.64,1131.96,61.1,58,1,0,0,1,0,0,0,0,0,0,0,0,0,0,0,0,0,0,0,0,0,0,0,0,0,0,0,0,0,0,0,0,0,0,0,1,0,0,1,0,0,0,0,0,1,0,0,0,0,7904.083333333333,0.13600565108751805,1,94849.0
66,4,0,94849,850,0,3695,34000.0,36,8.62,1075.19,60.4,156,1,0,0,1,0,0,0,0,0,0,0,0,0,0,0,0,0,0,0,0,0,0,0,0,0,0,0,0,0,0,0,0,0,0,0,1,0,0,1,0,0,0,0,0,0,0,1,0,0,7904.083333333333,0.35846450674229563,1,94849.0
57,4,15,50003,677,0,1539,31800.0,48,9.85,804.24,56.2,139,1,0,0,0,0,0,0,0,0,0,0,0,0,0,0,0,0,0,0,0,0,0,0,0,0,0,1,0,0,0,0,0,0,1,0,0,1,0,0,1,0,0,0,0,0,0,0,0,0,4166.916666666667,0.6359618422894626,1,50003.0
61,3,34,98348,845,2,3354,40500.0,36,6.81,1247.01,56.1,0,0,0,0,0,0,0,0,0,0,1,0,0,0,0,0,0,0,0,0,0,0,0,0,0,0,0,0,0,0,0,0,0,1,0,0,0,0,1,0,0,0,0,0,1,0,0,0,0,0,8195.666666666666,0.4118029853174442,1,32782.666666666664
40,3,5,30770,738,1,590,7000.0,60,12.59,157.81,29.2,80,1,0,0,0,0,0,0,0,0,0,0,0,0,0,0,0,0,0,0,1,0,0,0,0,0,0,0,0,0,0,0,0,0,1,0,0,0,0,1,0,0,0,0,1,0,0,0,0,0,2564.1666666666665,0.22749431264218395,0,15385.0
55,3,24,72986,545,2,3287,21400.0,24,15.11,1038.73,71.1,178,1,0,0,0,0,0,0,0,0,0,0,0,0,0,0,0,0,0,0,0,0,0,0,0,0,0,1,0,0,0,0,0,0,0,0,1,0,0,1,0,0,0,0,0,0,0,0,0,1,6082.166666666667,0.2932069163949251,1,24328.666666666668
38,4,3,60396,658,2,587,30000.0,48,13.97,819.34,27.9,0,0,1,0,0,0,0,0,0,0,0,0,0,0,0,0,0,0,0,0,0,0,0,0,0,0,0,0,0,0,0,0,0,1,0,0,0,0,0,1,0,0,0,0,0,1,0,0,0,0,5033.0,0.4967216371945162,0,20132.0
44,3,22,51770,767,3,351,28300.0,12,7.71,2457.98,65.1,0,0,0,0,0,0,0,0,0,0,0,0,0,0,0,0,0,0,0,0,0,0,0,0,1,0,0,0,0,0,0,0,1,0,0,0,0,1,0,0,0,0,0,0,0,0,0,0,1,0,4314.166666666667,0.546648638207456,1,12942.5
51,1,20,50247,551,1,1916,9300.0,60,13.93,216.06,50.9,0,0,0,0,0,0,0,0,0,0,1,0,0,0,0,0,0,0,0,0,0,0,0,0,0,0,0,0,0,0,0,0,0,1,0,0,0,0,0,1,0,0,0,0,0,0,0,0,0,1,4187.25,0.1850856767568213,1,25123.5
52,2,3,38228,707,0,1432,21500.0,36,10.93,703.17,67.0,0,0,0,0,0,0,0,0,0,0,0,0,0,0,0,0,0,0,0,1,0,0,0,0,0,0,0,0,0,0,0,0,0,0,0,0,1,0,0,1,1,0,0,0,0,0,0,0,0,0,3185.6666666666665,0.5624149837815214,1,38228.0
49,4,10,131359,747,2,2557,42900.0,48,9.85,1084.97,33.3,0,0,0,0,0,0,0,0,0,0,0,0,0,0,0,0,0,0,0,0,0,0,0,0,0,0,1,0,0,0,0,0,0,0,0,0,1,0,0,1,0,0,0,0,0,1,0,0,0,0,10946.583333333334,0.32658592102558637,1,43786.333333333336
49,4,10,131359,747,2,2557,8500.0,48,9.99,215.54,25.3,0,0,0,0,0,0,0,0,0,0,0,0,0,0,0,0,0,0,0,0,0,0,0,0,0,0,1,0,0,0,0,0,0,0,0,0,1,0,0,1,0,0,0,0,0,0,1,0,0,0,10946.583333333334,0.06470816617057072,0,43786.333333333336
55,2,11,49011,750,0,873,36800.0,60,7.78,742.3,39.5,30,0,0,0,0,0,0,0,0,0,0,0,0,0,0,0,0,0,0,1,0,0,0,0,0,0,0,0,0,0,0,0,0,1,0,0,0,1,0,0,0,0,0,0,0,0,0,0,1,0,4084.25,0.7508518495847871,1,49011.0
40,2,11,26997,752,3,509,2500.0,12,8.11,217.6,32.3,0,0,1,0,0,0,0,0,0,0,0,0,0,0,0,0,0,0,0,0,0,0,0,0,0,0,0,0,0,0,0,0,0,0,1,0,0,1,0,0,1,0,0,0,0,0,0,0,0,0,2249.75,0.09260288180168166,1,6749.25
49,2,21,43915,568,1,1555,15400.0,36,12.59,515.85,56.6,0,0,0,0,0,0,0,0,0,0,0,0,0,0,0,0,0,0,0,0,0,0,0,0,0,0,0,0,0,1,0,0,0,0,0,1,0,1,0,0,0,0,0,1,0,0,0,0,0,0,3659.5833333333335,0.3506774450643288,1,21957.5
49,2,21,43915,568,1,1555,12800.0,36,11.11,419.72,54.0,113,1,0,0,0,0,0,0,0,0,0,0,0,0,0,0,0,0,0,0,0,0,0,0,0,0,0,0,0,1,0,0,0,0,0,1,0,1,0,0,0,0,0,0,0,0,0,0,0,1,3659.5833333333335,0.2914721621313902,1,21957.5
32,5,0,129991,774,2,2525,45300.0,36,7.2,1402.88,36.3,30,0,0,0,0,0,0,0,1,0,0,0,0,0,0,0,0,0,0,0,0,0,0,0,0,0,0,0,0,0,0,0,0,1,0,0,0,0,1,0,0,0,0,0,0,1,0,0,0,0,10832.583333333334,0.34848566439215023,1,43330.333333333336
46,4,11,67764,765,0,671,14800.0,24,8.93,675.66,23.8,0,0,0,0,0,0,0,0,0,0,0,0,1,0,0,0,0,0,0,0,0,0,0,0,0,0,0,0,0,0,0,0,0,1,0,0,0,1,0,0,0,0,0,0,0,0,0,0,0,1,5647.0,0.21840505283041142,0,67764.0
45,3,0,31088,583,1,1312,11400.0,12,14.49,1026.2,90.3,42,1,0,0,0,0,0,0,0,0,0,0,0,0,0,0,0,0,0,0,0,0,0,0,0,0,1,0,0,0,0,0,0,0,1,0,0,0,0,1,0,0,0,0,0,1,0,0,0,0,2590.6666666666665,0.3667009778692743,1,15544.0
29,2,4,50017,843,0,491,10400.0,12,9.54,912.1,33.7,0,0,0,0,0,0,0,0,0,0,0,0,0,0,0,0,0,0,0,0,0,0,0,0,0,0,1,0,0,0,0,0,0,1,0,0,0,0,0,1,0,0,0,0,0,0,0,0,0,1,4168.083333333333,0.20792930403662754,1,50017.0
26,3,6,68998,579,4,2207,30700.0,36,12.87,1032.48,56.3,168,1,0,0,0,0,0,0,0,0,0,0,0,0,0,0,0,0,0,0,0,0,1,0,0,0,0,0,0,0,0,0,1,0,0,0,0,0,0,1,0,0,0,0,0,1,0,0,0,0,5749.833333333333,0.4449404330560306,1,13799.6
67,1,11,53774,610,0,2431,27100.0,48,13.19,729.58,70.5,0,0,0,0,0,0,0,0,0,0,1,0,0,0,0,0,0,0,0,0,0,0,0,0,0,0,0,0,0,0,0,0,0,1,0,0,0,0,0,1,0,0,0,0,0,1,0,0,0,0,4481.166666666667,0.5039610220552684,1,53774.0
30,2,5,46073,823,0,1889,24700.0,48,7.62,598.6,64.8,15,0,0,0,0,0,0,0,0,0,0,0,0,0,0,0,0,1,0,0,0,0,0,0,0,0,0,0,0,0,0,0,0,1,0,0,0,1,0,0,0,0,0,0,0,0,0,0,1,0,3839.4166666666665,0.5361057452303952,1,46073.0
26,2,3,37566,794,2,352,14000.0,24,7.97,632.99,31.5,0,0,0,0,0,0,0,0,0,0,0,0,0,0,0,0,0,0,0,0,0,0,0,1,0,0,0,0,0,0,0,0,0,0,0,1,0,0,0,1,0,0,1,0,0,0,0,0,0,0,3130.5,0.37267742107224616,1,12522.0
26,2,3,37566,794,2,352,34000.0,36,10.89,1111.35,46.7,0,0,0,0,0,0,0,0,0,0,0,0,0,0,0,0,0,0,0,0,0,0,0,1,0,0,0,0,0,0,0,0,0,0,0,1,0,0,0,1,0,0,0,0,1,0,0,0,0,0,3130.5,0.9050737368897407,1,12522.0
42,3,4,83990,716,2,2406,22700.0,36,10.39,736.63,44.9,15,0,0,0,0,0,0,0,0,0,0,0,1,0,0,0,0,0,0,0,0,0,0,0,0,0,0,0,0,0,0,0,0,1,0,0,0,0,0,1,0,1,0,0,0,0,0,0,0,0,6999.166666666667,0.2702702702702703,1,27996.666666666668
30,3,8,44135,593,0,1902,22000.0,60,11.0,478.33,64.7,0,0,0,0,0,0,0,0,0,0,0,0,0,0,0,0,0,0,0,0,0,0,0,0,1,0,0,0,0,0,0,0,1,0,0,0,0,0,1,0,0,0,1,0,0,0,0,0,0,0,3677.9166666666665,0.4984706015633851,1,44135.0
36,2,8,42447,570,0,1282,10000.0,12,15.0,902.58,61.8,0,0,0,0,0,0,0,0,0,0,0,0,0,0,0,0,0,1,0,0,0,0,0,0,0,0,0,0,0,0,0,0,0,0,0,1,0,0,1,0,0,0,0,0,1,0,0,0,0,0,3537.25,0.23558790962847787,1,42447.0
36,2,8,42447,570,0,1282,36800.0,24,11.68,1726.81,85.1,0,0,0,0,0,0,0,0,0,0,0,0,0,0,0,0,0,1,0,0,0,0,0,0,0,0,0,0,0,0,0,0,0,0,0,1,0,0,1,0,0,0,0,0,0,1,0,0,0,0,3537.25,0.8669635074327986,1,42447.0
61,3,9,51358,827,2,1508,27600.0,24,9.22,1263.69,64.8,0,0,0,0,0,0,0,0,0,0,0,0,0,0,0,0,0,0,0,0,0,0,0,0,0,0,0,0,0,0,0,1,0,1,0,0,0,0,1,0,0,0,0,0,0,0,0,1,0,0,4279.833333333333,0.5374041045212041,1,17119.333333333332
61,3,9,51358,827,2,1508,12500.0,12,7.09,1082.1,60.5,0,0,0,0,0,0,0,0,0,0,0,0,0,0,0,0,0,0,0,0,0,0,0,0,0,0,0,0,0,0,0,1,0,1,0,0,0,0,1,0,0,1,0,0,0,0,0,0,0,0,4279.833333333333,0.24338954009112504,1,17119.333333333332
58,1,16,25259,850,2,755,5000.0,60,7.95,101.26,40.7,15,0,0,0,0,0,0,0,0,0,0,0,1,0,0,0,0,0,0,0,0,0,0,0,0,0,0,0,0,0,0,0,1,0,0,0,0,0,0,1,0,0,0,1,0,0,0,0,0,0,2104.9166666666665,0.19794924581337345,1,8419.666666666666
23,3,3,32494,679,2,538,2800.0,60,8.86,57.93,22.0,0,0,0,0,0,0,0,0,0,0,0,1,0,0,0,0,0,0,0,0,0,0,0,0,0,0,0,0,0,0,0,0,0,0,1,0,0,0,1,0,0,0,0,1,0,0,0,0,0,0,2707.8333333333335,0.08616975441619991,0,10831.333333333334
26,3,1,67116,772,1,2288,35600.0,12,9.81,3126.66,96.8,0,0,0,0,0,0,0,0,0,1,0,0,0,0,0,0,0,0,0,0,0,0,0,0,0,0,0,0,0,0,0,0,0,1,0,0,0,1,0,0,1,0,0,0,0,0,0,0,0,0,5593.0,0.5304249359318195,1,33558.0
68,5,32,108165,734,0,1002,46900.0,24,9.25,2148.0,34.9,0,0,0,0,0,0,0,0,0,0,0,0,0,0,0,0,0,0,0,1,0,0,0,0,0,0,0,0,0,0,0,0,0,1,0,0,0,1,0,0,1,0,0,0,0,0,0,0,0,0,9013.75,0.4335968196736467,1,108165.0
50,2,27,42807,726,4,1787,15200.0,12,12.02,1350.64,88.0,0,0,0,0,0,0,0,0,1,0,0,0,0,0,0,0,0,0,0,0,0,0,0,0,0,0,0,0,0,0,0,0,0,1,0,0,0,1,0,0,0,0,0,0,0,1,0,0,0,0,3567.25,0.3550821127385708,1,8561.4
42,4,15,70887,616,1,1206,35500.0,60,10.07,755.49,33.2,0,0,0,0,0,0,0,0,0,0,0,0,0,1,0,0,0,0,0,0,0,0,0,0,0,0,0,0,0,0,0,0,0,0,0,0,1,0,0,1,0,0,0,0,1,0,0,0,0,0,5907.25,0.5007970431814014,1,35443.5
23,1,1,38494,648,0,954,30700.0,24,12.35,1450.18,74.9,81,1,0,0,0,0,0,0,0,0,0,0,0,0,0,0,0,0,0,0,0,0,0,0,0,0,0,1,0,0,0,0,0,1,0,0,0,1,0,0,0,0,1,0,0,0,0,0,0,0,3207.8333333333335,0.7975268873071127,1,38494.0
63,3,27,41121,585,2,1480,6300.0,24,12.83,299.01,51.9,0,0,0,0,0,0,0,0,0,0,0,0,0,0,0,0,0,0,1,0,0,0,0,0,0,0,0,0,0,0,0,0,0,1,0,0,0,0,1,0,0,0,0,1,0,0,0,0,0,0,3426.75,0.15320639089516305,1,13707.0
45,1,17,42175,715,1,1519,8400.0,24,11.52,393.54,54.4,0,0,0,0,0,0,0,0,0,0,0,0,0,0,0,0,0,0,0,0,0,0,0,0,0,0,0,0,0,0,1,0,0,1,0,0,0,1,0,0,0,0,0,0,0,0,0,0,1,0,3514.5833333333335,0.1991701244813278,1,21087.5
39,4,3,58864,595,4,1613,44400.0,24,10.19,2052.73,74.7,0,0,0,0,0,0,0,0,0,0,0,1,0,0,0,0,0,0,0,0,0,0,0,0,0,0,0,0,0,0,0,0,0,0,1,0,0,1,0,0,0,0,0,0,0,1,0,0,0,0,4905.333333333333,0.7542810546344115,1,11772.8
45,4,1,98282,796,2,3701,35700.0,24,6.98,1598.06,64.7,0,0,0,0,0,0,0,0,0,1,0,0,0,0,0,0,0,0,0,0,0,0,0,0,0,0,0,0,0,0,0,0,0,1,0,0,0,0,1,0,0,0,0,0,0,0,0,0,1,0,8190.166666666667,0.3632404712968804,1,32760.666666666668
45,4,1,98282,796,2,3701,7600.0,60,8.91,157.43,47.1,0,0,0,0,0,0,0,0,0,1,0,0,0,0,0,0,0,0,0,0,0,0,0,0,0,0,0,0,0,0,0,0,0,1,0,0,0,0,1,0,0,0,0,0,0,0,1,0,0,0,8190.166666666667,0.07732850369345354,1,32760.666666666668
55,3,20,40418,697,2,672,13900.0,24,10.54,644.88,39.1,30,0,0,0,0,0,0,0,0,0,0,0,0,0,0,0,0,0,0,0,0,0,0,0,0,0,0,0,0,0,0,1,0,0,1,0,0,0,1,0,1,0,0,0,0,0,0,0,0,0,3368.1666666666665,0.34390618041466675,1,13472.666666666666
43,3,9,71852,823,1,2316,29800.0,12,7.73,2588.54,81.9,0,0,0,0,1,0,0,0,0,0,0,0,0,0,0,0,0,0,0,0,0,0,0,0,0,0,0,0,0,0,0,0,0,1,0,0,0,1,0,0,0,0,0,0,0,1,0,0,0,0,5987.666666666667,0.4147414129043033,1,35926.0
48,3,0,86875,850,4,3195,17500.0,36,10.71,570.53,52.0,0,0,0,0,0,0,0,0,0,0,0,0,0,0,0,0,0,0,1,0,0,0,0,0,0,0,0,0,0,0,0,0,0,0,0,0,1,1,0,0,0,0,0,0,0,0,0,0,1,0,7239.583333333333,0.2014388489208633,1,17375.0
59,3,33,77828,622,2,1557,17700.0,12,11.3,1566.83,48.2,0,0,0,0,0,0,0,0,0,0,0,0,0,0,0,0,0,0,0,0,0,0,0,0,0,0,0,0,0,0,0,1,0,0,0,0,1,1,0,0,1,0,0,0,0,0,0,0,0,0,6485.666666666667,0.2274245772729609,1,25942.666666666668
65,2,1,33970,622,0,1118,32100.0,12,10.9,2835.55,139.7,131,1,0,1,0,0,0,0,0,0,0,0,0,0,0,0,0,0,0,0,0,0,0,0,0,0,0,0,0,0,0,0,0,0,1,0,0,1,0,0,0,0,0,0,0,0,0,0,0,1,2830.8333333333335,0.9449514277303503,1,33970.0
48,3,22,38878,556,2,1778,28900.0,60,11.63,637.47,74.6,116,1,0,0,0,0,0,0,0,0,0,0,0,0,0,0,0,0,0,0,0,1,0,0,0,0,0,0,0,0,0,0,0,0,1,0,0,0,1,0,0,0,0,0,0,0,1,0,0,0,3239.8333333333335,0.7433509954215752,1,12959.333333333334
52,3,21,51649,802,2,1766,15500.0,48,7.34,373.62,49.7,30,0,0,0,0,0,0,0,0,0,0,0,0,0,0,0,1,0,0,0,0,0,0,0,0,0,0,0,0,0,0,0,0,1,0,0,0,1,0,0,0,0,0,0,0,0,1,0,0,0,4304.083333333333,0.30010261573312164,1,17216.333333333332
52,3,21,51649,802,2,1766,46500.0,36,11.15,1525.66,76.5,0,0,0,0,0,0,0,0,0,0,0,0,0,0,0,0,1,0,0,0,0,0,0,0,0,0,0,0,0,0,0,0,0,1,0,0,0,1,0,0,1,0,0,0,0,0,0,0,0,0,4304.083333333333,0.900307847199365,1,17216.333333333332
63,4,17,96142,666,3,4335,49700.0,24,11.68,2332.13,83.2,68,1,0,0,0,0,0,0,1,0,0,0,0,0,0,0,0,0,0,0,0,0,0,0,0,0,0,0,0,0,0,0,0,1,0,0,0,1,0,0,0,0,0,0,0,0,1,0,0,0,8011.833333333333,0.5169436874622954,1,24035.5
40,4,11,96556,785,2,1502,10100.0,48,9.1,251.82,21.8,121,1,0,0,0,0,0,0,0,0,0,0,0,0,0,0,0,0,0,0,0,0,0,0,0,0,0,0,1,0,0,0,0,0,0,0,1,1,0,0,0,0,0,0,0,0,1,0,0,0,8046.333333333333,0.10460251046025104,0,32185.333333333332
29,3,5,97749,742,0,578,25700.0,24,8.25,1165.27,21.4,0,0,0,0,0,0,0,0,0,0,0,1,0,0,0,0,0,0,0,0,0,0,0,0,0,0,0,0,0,0,0,0,0,1,0,0,0,0,0,1,0,0,0,0,0,0,0,1,0,0,8145.75,0.2629182907242018,0,97749.0
29,3,5,97749,742,0,578,29000.0,60,8.7,597.78,14.4,0,0,0,0,0,0,0,0,0,0,0,1,0,0,0,0,0,0,0,0,0,0,0,0,0,0,0,0,0,0,0,0,0,1,0,0,0,0,0,1,0,0,0,0,0,0,0,1,0,0,8145.75,0.29667822688723156,0,97749.0
67,1,13,27294,770,0,752,27200.0,12,8.59,2373.51,137.4,0,0,0,0,0,0,0,0,0,0,0,0,0,0,0,0,0,1,0,0,0,0,0,0,0,0,0,0,0,0,0,0,0,0,0,1,0,0,1,0,0,0,0,0,0,0,0,0,1,0,2274.5,0.9965560196380157,1,27294.0
39,1,1,23680,649,0,328,4700.0,48,11.45,122.5,22.8,0,0,0,0,0,0,0,0,0,0,1,0,0,0,0,0,0,0,0,0,0,0,0,0,0,0,0,0,0,0,0,0,0,0,1,0,0,0,0,1,0,0,0,0,0,0,1,0,0,0,1973.3333333333333,0.19847972972972974,0,23680.0
39,1,1,23680,649,0,328,12400.0,60,9.83,262.43,29.9,0,0,0,0,0,0,0,0,0,0,1,0,0,0,0,0,0,0,0,0,0,0,0,0,0,0,0,0,0,0,0,0,0,0,1,0,0,0,0,1,0,0,0,0,0,0,0,0,0,1,1973.3333333333333,0.5236486486486487,0,23680.0
28,3,0,47014,600,0,1474,20300.0,48,11.28,527.43,51.1,15,0,0,0,0,0,0,0,0,0,0,0,0,0,0,0,0,0,0,0,0,0,0,0,0,0,0,0,1,0,0,0,0,0,0,0,1,0,0,1,0,0,0,0,0,0,0,1,0,0,3917.8333333333335,0.431786276428298,1,47014.0
52,3,18,102097,709,2,3200,21300.0,24,8.79,971.03,49.0,0,0,0,0,0,0,0,0,0,0,0,0,0,0,0,0,0,0,0,0,0,0,0,0,0,0,0,0,1,0,0,0,0,1,0,0,0,1,0,0,0,0,0,0,0,0,1,0,0,0,8508.083333333334,0.2086251310028698,1,34032.333333333336
52,3,18,102097,709,2,3200,31800.0,36,10.75,1037.33,49.8,0,0,0,0,0,0,0,0,0,0,0,0,0,0,0,0,0,0,0,0,0,0,0,0,0,0,0,0,1,0,0,0,0,1,0,0,0,1,0,0,0,0,0,0,0,0,0,0,0,1,8508.083333333334,0.31146850544090426,1,34032.333333333336
36,3,13,100359,634,3,570,40900.0,60,10.37,876.47,17.3,161,1,0,0,0,0,0,0,0,0,0,0,0,0,0,0,0,0,0,0,0,0,0,0,1,0,0,0,0,0,0,0,0,0,0,0,1,0,0,1,0,0,0,0,1,0,0,0,0,0,8363.25,0.40753694237686705,0,25089.75
47,4,1,118864,693,2,5093,33100.0,24,13.1,1575.19,67.3,0,0,0,0,0,0,0,0,0,0,0,0,0,0,1,0,0,0,0,0,0,0,0,0,0,0,0,0,0,0,0,0,0,1,0,0,0,0,1,0,0,0,0,0,0,0,0,0,1,0,9905.333333333334,0.2784695113743438,1,39621.333333333336
43,2,4,32700,777,0,1238,21300.0,36,11.26,699.96,71.1,0,0,0,0,0,0,0,0,0,0,0,0,0,1,0,0,0,0,0,0,0,0,0,0,0,0,0,0,0,0,0,0,0,0,0,1,0,0,0,1,0,0,0,0,0,0,0,0,1,0,2725.0,0.6513761467889908,1,32700.0
43,1,0,31455,620,0,1014,6900.0,12,11.99,613.02,62.1,179,1,0,0,0,0,0,0,0,0,0,1,0,0,0,0,0,0,0,0,0,0,0,0,0,0,0,0,0,0,0,0,0,1,0,0,0,0,0,1,0,0,0,0,0,0,0,1,0,0,2621.25,0.21936099189318073,1,31455.0
43,1,0,31455,620,0,1014,2600.0,48,10.56,66.64,41.2,0,0,0,0,0,0,0,0,0,0,0,1,0,0,0,0,0,0,0,0,0,0,0,0,0,0,0,0,0,0,0,0,0,1,0,0,0,0,0,1,0,0,0,0,1,0,0,0,0,0,2621.25,0.08265776506119854,1,31455.0
34,1,8,53975,748,2,640,23800.0,48,10.65,611.09,27.8,15,0,0,0,0,0,0,0,0,0,0,0,0,0,0,0,0,0,0,0,0,0,0,0,0,0,0,0,0,0,1,0,1,0,0,0,0,1,0,0,0,0,0,1,0,0,0,0,0,0,4497.916666666667,0.4409448818897638,0,17991.666666666668
30,3,3,24621,721,4,412,18600.0,12,10.15,1636.53,99.8,59,1,0,0,0,0,0,0,0,0,0,0,0,0,0,0,0,0,1,0,0,0,0,0,0,0,0,0,0,0,0,0,0,0,0,1,0,1,0,0,0,0,0,0,1,0,0,0,0,0,2051.75,0.7554526623613989,1,4924.2
68,3,3,63539,655,1,1338,21400.0,60,12.71,483.74,34.4,30,0,0,0,0,0,0,0,0,0,0,0,0,1,0,0,0,0,0,0,0,0,0,0,0,0,0,0,0,0,0,0,0,1,0,0,0,0,0,1,0,0,0,0,0,0,0,0,1,0,5294.916666666667,0.3368010198460788,1,31769.5
54,4,18,120652,610,0,1174,6200.0,24,9.9,285.81,14.5,0,0,0,0,0,0,0,0,1,0,0,0,0,0,0,0,0,0,0,0,0,0,0,0,0,0,0,0,0,0,0,0,1,0,0,0,0,1,0,0,0,0,0,0,0,1,0,0,0,0,10054.333333333334,0.051387461459403906,0,120652.0
31,3,7,38662,806,2,512,27800.0,48,10.78,715.54,38.1,0,0,0,0,0,0,0,0,0,0,0,1,0,0,0,0,0,0,0,0,0,0,0,0,0,0,0,0,0,0,0,0,0,0,0,1,0,0,0,1,0,0,0,0,0,0,0,0,1,0,3221.8333333333335,0.7190522994154467,1,12887.333333333334
37,3,14,49958,799,0,1382,5500.0,48,11.5,143.49,36.6,145,1,0,0,0,0,0,0,0,0,0,0,0,0,0,0,0,0,0,0,0,0,0,0,0,0,0,0,0,1,0,0,0,0,1,0,0,1,0,0,0,0,0,0,1,0,0,0,0,0,4163.166666666667,0.11009247768125226,1,49958.0
25,4,1,71945,809,1,648,39400.0,48,6.77,939.28,26.5,140,1,0,0,0,0,0,0,0,0,0,0,0,0,0,0,0,0,0,0,0,0,1,0,0,0,0,0,0,0,0,0,1,0,0,0,0,0,1,0,0,1,0,0,0,0,0,0,0,0,5995.416666666667,0.547640558760164,0,35972.5
35,4,1,131724,778,1,3643,30600.0,60,12.03,681.14,39.4,0,0,0,0,0,0,0,0,0,0,1,0,0,0,0,0,0,0,0,0,0,0,0,0,0,0,0,0,0,0,0,0,0,1,0,0,0,1,0,0,0,0,0,0,0,0,0,0,1,0,10977.0,0.2323039081716316,1,65862.0
35,4,1,131724,778,1,3643,45400.0,48,8.19,1112.4,43.3,0,0,0,0,0,0,0,0,0,0,1,0,0,0,0,0,0,0,0,0,0,0,0,0,0,0,0,0,0,0,0,0,0,1,0,0,0,1,0,0,0,0,0,0,0,0,0,0,0,1,10977.0,0.3446600467644469,1,65862.0
57,3,16,86745,742,0,625,7600.0,60,12.33,170.33,11.0,0,0,1,0,0,0,0,0,0,0,0,0,0,0,0,0,0,0,0,0,0,0,0,0,0,0,0,0,0,0,0,0,1,0,0,0,0,0,0,1,0,0,0,0,0,1,0,0,0,0,7228.75,0.08761311891175284,0,86745.0
49,2,29,75328,570,1,2727,13100.0,24,13.44,625.51,53.4,15,0,0,0,0,0,0,0,0,0,0,0,0,0,0,1,0,0,0,0,0,0,0,0,0,0,0,0,0,0,0,0,0,1,0,0,0,1,0,0,0,0,0,0,0,0,0,0,1,0,6277.333333333333,0.17390611724723876,1,37664.0
63,5,28,60734,730,1,456,20700.0,48,12.0,545.11,19.8,0,0,0,0,0,0,0,0,0,0,0,0,0,0,0,0,0,0,0,0,0,0,0,0,0,0,0,0,1,0,0,0,0,0,1,0,0,0,0,1,1,0,0,0,0,0,0,0,0,0,5061.166666666667,0.3408305068001449,0,30367.0
64,4,11,128412,610,1,4429,6100.0,48,10.48,156.12,42.8,155,1,0,0,0,0,0,0,0,0,0,0,0,0,0,0,0,0,0,0,0,0,0,0,0,0,0,0,0,0,1,0,0,1,0,0,0,0,0,1,1,0,0,0,0,0,0,0,0,0,10701.0,0.04750334859670436,1,64206.0
36,4,13,138554,787,0,3236,25700.0,24,7.93,1161.52,38.1,0,0,0,0,0,0,0,0,0,0,0,0,0,0,0,0,0,0,0,0,0,0,0,1,0,0,0,0,0,0,0,0,0,0,0,0,1,1,0,0,0,0,0,0,0,1,0,0,0,0,11546.166666666666,0.18548724684960377,1,138554.0
31,2,0,37737,582,2,1629,43900.0,12,14.33,3948.47,177.4,88,1,0,1,0,0,0,0,0,0,0,0,0,0,0,0,0,0,0,0,0,0,0,0,0,0,0,0,0,0,0,0,0,0,0,1,0,0,0,1,0,0,0,0,0,0,1,0,0,0,3144.75,1.1633145189071734,1,12579.0
23,2,0,56840,758,1,791,49700.0,36,11.21,1632.06,51.2,15,0,0,0,0,0,0,0,0,0,0,0,0,0,0,0,0,0,0,0,0,0,0,0,0,0,0,1,0,0,0,0,0,1,0,0,0,0,1,0,0,1,0,0,0,0,0,0,0,0,4736.666666666667,0.874384236453202,1,28420.0
35,4,7,66623,683,2,1880,46500.0,48,12.61,1238.5,56.2,0,0,1,0,0,0,0,0,0,0,0,0,0,0,0,0,0,0,0,0,0,0,0,0,0,0,0,0,0,0,0,0,0,0,0,0,1,0,0,1,0,0,0,0,1,0,0,0,0,0,5551.916666666667,0.6979571619410714,1,22207.666666666668
65,4,14,129782,816,0,5669,4000.0,12,7.24,346.55,55.6,15,0,0,0,0,0,0,0,0,0,0,0,0,0,0,0,0,0,1,0,0,0,0,0,0,0,0,0,0,0,0,0,0,1,0,0,0,1,0,0,0,0,0,0,1,0,0,0,0,0,10815.166666666666,0.030820915072968517,1,129782.0
65,4,14,129782,816,0,5669,38600.0,48,10.06,980.11,61.5,123,1,0,0,0,0,0,0,0,0,0,0,0,0,0,0,0,0,1,0,0,0,0,0,0,0,0,0,0,0,0,0,0,1,0,0,0,1,0,0,1,0,0,0,0,0,0,0,0,0,10815.166666666666,0.29742183045414616,1,129782.0
33,3,10,72220,711,1,2396,8100.0,48,12.0,213.3,43.4,0,0,0,0,0,0,0,0,0,0,0,1,0,0,0,0,0,0,0,0,0,0,0,0,0,0,0,0,0,0,0,0,0,1,0,0,0,0,0,1,0,0,0,0,0,0,1,0,0,0,6018.333333333333,0.11215729714760454,1,36110.0
48,1,7,48955,772,3,498,22300.0,48,8.94,554.3,25.8,0,0,0,0,0,0,0,0,0,0,0,0,0,0,0,1,0,0,0,0,0,0,0,0,0,0,0,0,0,0,0,0,0,1,0,0,0,0,0,1,0,0,0,0,1,0,0,0,0,0,4079.5833333333335,0.4555203758553774,0,12238.75
51,4,8,75699,820,0,2355,21600.0,48,11.09,559.21,46.2,0,0,0,0,0,0,0,0,0,0,0,0,0,0,0,0,0,0,1,0,0,0,0,0,0,0,0,0,0,0,0,0,0,0,1,0,0,1,0,0,0,0,0,0,0,1,0,0,0,0,6308.25,0.28534062537153726,1,75699.0
50,4,1,116769,642,2,678,26800.0,12,9.72,2352.66,31.1,0,0,0,0,0,0,0,0,0,0,0,0,0,0,0,0,1,0,0,0,0,0,0,0,0,0,0,0,0,0,0,0,0,1,0,0,0,1,0,0,0,0,1,0,0,0,0,0,0,0,9730.75,0.22951297005198298,1,38923.0
26,1,1,47895,816,3,804,32800.0,60,6.69,644.69,36.3,0,0,0,0,0,0,0,0,0,0,0,0,0,0,0,0,0,0,0,0,0,0,1,0,0,0,0,0,0,0,0,0,0,0,0,0,1,1,0,0,0,0,1,0,0,0,0,0,0,0,3991.25,0.6848314020252636,1,11973.75
22,2,0,63656,780,0,2692,17100.0,36,7.04,528.31,60.7,0,0,0,0,0,0,0,0,0,0,0,0,0,0,0,0,0,0,0,0,0,0,0,0,0,1,0,0,0,0,0,0,0,1,0,0,0,0,0,1,1,0,0,0,0,0,0,0,0,0,5304.666666666667,0.2686313937413598,1,63656.0
57,2,19,50940,713,3,1201,32000.0,60,11.38,701.84,44.8,0,0,0,0,0,0,0,0,0,0,1,0,0,0,0,0,0,0,0,0,0,0,0,0,0,0,0,0,0,0,0,0,0,1,0,0,0,1,0,0,0,1,0,0,0,0,0,0,0,0,4245.0,0.6281900274833137,1,12735.0
68,3,20,98934,729,3,3467,22300.0,48,11.48,581.57,49.1,0,0,0,0,0,0,0,0,0,0,0,0,0,0,1,0,0,0,0,0,0,0,0,0,0,0,0,0,0,0,0,0,1,0,0,0,0,1,0,0,1,0,0,0,0,0,0,0,0,0,8244.5,0.22540279378171307,1,24733.5
23,2,2,33693,738,0,940,24100.0,24,7.82,1088.0,72.2,0,0,0,0,0,0,0,0,0,0,0,0,0,0,0,0,0,0,0,1,0,0,0,0,0,0,0,0,0,0,0,0,0,0,0,1,0,0,1,0,1,0,0,0,0,0,0,0,0,0,2807.75,0.715282106075446,1,33693.0
37,3,15,84293,671,2,1969,42400.0,36,11.95,1407.27,48.1,61,1,0,0,0,1,0,0,0,0,0,0,0,0,0,0,0,0,0,0,0,0,0,0,0,0,0,0,0,0,0,0,0,0,0,0,1,0,0,1,0,0,0,0,1,0,0,0,0,0,7024.416666666667,0.5030073671597879,1,28097.666666666668
37,3,15,84293,671,2,1969,37400.0,48,10.51,957.75,41.7,30,0,0,0,0,1,0,0,0,0,0,0,0,0,0,0,0,0,0,0,0,0,0,0,0,0,0,0,0,0,0,0,0,0,0,0,1,0,0,1,0,0,0,0,0,0,0,0,1,0,7024.416666666667,0.44369046065509593,1,28097.666666666668
68,4,11,116402,795,4,5127,13200.0,36,8.17,414.68,57.1,0,0,0,0,0,0,0,0,0,0,0,0,0,0,0,0,0,1,0,0,0,0,0,0,0,0,0,0,0,0,0,0,0,1,0,0,0,0,0,1,0,0,0,0,0,0,0,1,0,0,9700.166666666666,0.1134001134001134,1,23280.4
68,4,11,116402,795,4,5127,11200.0,36,9.02,356.26,56.5,0,0,0,0,0,0,0,0,0,0,0,0,0,0,0,0,0,1,0,0,0,0,0,0,0,0,0,0,0,0,0,0,0,1,0,0,0,0,0,1,0,0,0,1,0,0,0,0,0,0,9700.166666666666,0.09621827803645985,1,23280.4
55,1,0,55670,554,2,389,22800.0,36,14.15,780.91,25.2,0,0,0,0,0,0,0,0,0,0,0,0,0,0,0,0,0,0,0,0,0,0,0,1,0,0,0,0,0,0,0,0,1,0,0,0,0,1,0,0,0,0,0,0,0,0,1,0,0,0,4639.166666666667,0.40955631399317405,0,18556.666666666668
31,1,10,35536,841,3,1124,37700.0,48,9.64,949.66,70.0,0,0,0,0,0,0,0,0,0,0,0,0,0,0,0,0,0,0,0,0,0,0,0,0,0,0,0,0,0,0,0,1,0,1,0,0,0,0,0,1,0,0,0,0,0,0,0,0,1,0,2961.3333333333335,1.0608959927960377,1,8884.0
23,1,2,12549,791,0,477,10400.0,60,7.41,207.95,65.5,0,0,0,0,0,0,0,0,0,0,0,0,0,0,0,1,0,0,0,0,0,0,0,0,0,0,0,0,0,0,0,0,0,0,1,0,0,1,0,0,0,0,0,0,0,0,1,0,0,0,1045.75,0.8287512949238983,1,12549.0
65,3,33,31222,574,2,458,14200.0,12,12.28,1263.51,66.2,69,1,0,0,0,0,0,0,0,0,0,0,0,0,0,0,0,0,0,0,0,1,0,0,0,0,0,0,0,0,0,0,0,0,0,1,0,0,1,0,0,0,0,0,1,0,0,0,0,0,2601.8333333333335,0.454807507526744,1,10407.333333333334
44,2,14,46634,737,0,1523,16600.0,48,7.86,404.16,49.6,0,0,0,0,0,0,0,0,0,0,0,0,0,0,0,0,0,0,0,0,0,0,0,0,0,1,0,0,0,0,0,0,0,1,0,0,0,1,0,0,1,0,0,0,0,0,0,0,0,0,3886.1666666666665,0.3559634601363812,1,46634.0
27,3,6,89061,587,1,2733,41100.0,48,10.23,1046.95,50.9,41,1,0,0,0,0,0,0,0,0,0,0,0,0,0,0,0,1,0,0,0,0,0,0,0,0,0,0,0,0,0,0,1,0,0,0,0,1,0,0,1,0,0,0,0,0,0,0,0,0,7421.75,0.46148145652979417,1,44530.5
27,3,6,89061,587,1,2733,16900.0,48,14.72,467.94,43.1,0,0,0,0,0,0,0,0,0,0,0,0,0,0,0,0,0,1,0,0,0,0,0,0,0,0,0,0,0,0,0,0,1,0,0,0,0,1,0,0,0,0,0,0,0,1,0,0,0,0,7421.75,0.18975758188208083,1,44530.5
66,1,6,37673,694,0,488,31000.0,48,9.18,774.09,40.2,134,1,0,0,0,0,0,0,0,0,0,0,0,0,0,0,0,0,0,0,0,0,0,0,0,0,0,0,1,0,0,0,0,1,0,0,0,0,0,1,0,0,0,0,0,0,0,1,0,0,3139.4166666666665,0.8228704908024315,1,37673.0
66,4,17,58595,568,2,682,3800.0,48,14.21,104.24,16.1,0,0,0,0,0,0,0,0,0,0,0,0,0,0,1,0,0,0,0,0,0,0,0,0,0,0,0,0,0,0,0,0,0,1,0,0,0,0,0,1,0,0,0,0,0,1,0,0,0,0,4882.916666666667,0.06485194982507039,0,19531.666666666668
42,1,2,27475,728,0,1069,5100.0,60,8.29,104.12,51.2,0,0,0,0,0,0,0,0,0,0,0,0,0,0,1,0,0,0,0,0,0,0,0,0,0,0,0,0,0,0,0,0,0,1,0,0,0,1,0,0,1,0,0,0,0,0,0,0,0,0,2289.5833333333335,0.18562329390354868,1,27475.0
46,3,25,65089,606,0,2292,27200.0,24,14.71,1315.09,66.5,0,0,1,0,0,0,0,0,0,0,0,0,0,0,0,0,0,0,0,0,0,0,0,0,0,0,0,0,0,0,0,0,0,1,0,0,0,0,0,1,0,0,1,0,0,0,0,0,0,0,5424.083333333333,0.41788935150332623,1,65089.0
44,1,19,51921,704,1,1889,12100.0,36,10.28,392.03,52.7,15,0,0,0,0,0,0,0,0,0,0,0,0,0,0,0,0,0,0,0,0,0,0,0,0,0,0,0,0,0,0,1,0,1,0,0,0,0,0,1,0,0,0,0,0,0,0,0,1,0,4326.75,0.2330463588913927,1,25960.5
44,1,19,51921,704,1,1889,35900.0,36,10.18,1161.43,70.5,55,1,0,0,0,0,0,0,0,0,0,0,0,0,0,0,0,0,0,0,0,0,0,0,0,0,0,0,0,0,0,1,0,1,0,0,0,0,0,1,0,0,0,0,0,0,1,0,0,0,4326.75,0.6914350648099998,1,25960.5
23,3,2,69345,651,1,2252,9900.0,12,9.92,870.0,54.0,0,0,0,0,0,0,0,0,0,0,0,0,0,0,0,0,0,0,0,0,0,0,0,0,0,0,0,0,0,0,1,0,0,0,0,0,1,1,0,0,1,0,0,0,0,0,0,0,0,0,5778.75,0.1427644386761843,1,34672.5
64,3,4,59445,656,1,2189,5700.0,24,11.13,266.01,49.6,15,0,0,0,0,0,0,0,0,1,0,0,0,0,0,0,0,0,0,0,0,0,0,0,0,0,0,0,0,0,0,0,0,0,0,0,1,0,1,0,0,0,1,0,0,0,0,0,0,0,4953.75,0.09588695432752965,1,29722.5
31,4,4,63742,537,0,617,30100.0,48,13.59,816.35,27.0,0,0,0,0,0,0,0,0,0,0,0,0,1,0,0,0,0,0,0,0,0,0,0,0,0,0,0,0,0,0,0,0,0,1,0,0,0,1,0,0,0,1,0,0,0,0,0,0,0,0,5311.833333333333,0.4722161212387437,0,63742.0
33,3,0,40311,582,0,1172,2400.0,24,14.87,116.22,38.3,180,1,0,0,0,0,0,0,0,0,0,0,0,0,0,0,0,1,0,0,0,0,0,0,0,0,0,0,0,0,0,0,0,0,1,0,0,0,1,0,0,0,0,0,0,1,0,0,0,0,3359.25,0.05953709905484855,1,40311.0
42,4,17,90104,583,2,1012,33300.0,24,11.81,1564.59,34.3,0,0,0,0,0,0,0,0,1,0,0,0,0,0,0,0,0,0,0,0,0,0,0,0,0,0,0,0,0,0,0,0,0,1,0,0,0,0,0,1,0,1,0,0,0,0,0,0,0,0,7508.666666666667,0.3695729379383823,1,30034.666666666668
46,1,2,31847,599,1,775,23500.0,24,12.7,1113.92,71.2,0,0,0,0,0,0,0,0,0,0,0,0,0,0,0,0,0,0,1,0,0,0,0,0,0,0,0,0,0,0,0,0,0,1,0,0,0,0,1,0,0,0,0,0,0,0,1,0,0,0,2653.9166666666665,0.7379030991930167,1,15923.5
26,3,4,51955,783,0,876,32700.0,12,7.25,2833.19,85.7,0,0,0,0,0,0,0,0,0,0,0,0,0,1,0,0,0,0,0,0,0,0,0,0,0,0,0,0,0,0,0,0,0,0,0,1,0,1,0,0,0,0,0,0,0,0,0,0,0,1,4329.583333333333,0.6293908189779617,1,51955.0
26,3,4,51955,783,0,876,12200.0,60,8.36,249.48,26.0,0,0,0,0,0,0,0,0,0,0,0,0,0,1,0,0,0,0,0,0,0,0,0,0,0,0,0,0,0,0,0,0,0,0,0,1,0,1,0,0,0,0,0,1,0,0,0,0,0,0,4329.583333333333,0.23481859301318447,0,51955.0
47,2,14,36601,693,3,1145,35000.0,36,12.84,1176.59,76.1,30,0,0,0,0,0,0,0,0,0,0,0,0,0,0,0,0,0,0,0,0,0,0,1,0,0,0,0,0,0,0,0,0,0,1,0,0,1,0,0,0,0,0,0,1,0,0,0,0,0,3050.0833333333335,0.9562580257370017,1,9150.25
60,1,30,55744,632,4,909,49000.0,48,10.83,1262.39,46.7,0,0,0,0,0,0,0,0,0,0,0,0,0,0,0,0,0,0,0,0,0,0,0,0,0,0,0,0,0,0,1,0,0,1,0,0,0,1,0,0,0,0,0,1,0,0,0,0,0,0,4645.333333333333,0.8790183696900115,1,11148.8
66,3,24,54293,696,1,483,2100.0,48,8.42,51.68,11.8,0,0,0,0,0,0,0,0,0,0,0,1,0,0,0,0,0,0,0,0,0,0,0,0,0,0,0,0,0,0,0,0,0,0,0,1,0,1,0,0,0,0,0,0,0,0,1,0,0,0,4524.416666666667,0.03867901939476544,0,27146.5
58,1,1,17239,801,3,222,13300.0,12,9.34,1165.2,96.6,0,0,0,0,0,0,0,0,0,0,0,0,0,1,0,0,0,0,0,0,0,0,0,0,0,0,0,0,0,0,0,0,0,0,0,1,0,0,0,1,0,0,0,0,0,1,0,0,0,0,1436.5833333333333,0.7715064678925692,1,4309.75
40,4,15,127340,759,0,4025,42300.0,12,7.97,3679.02,72.6,0,0,0,0,0,0,0,0,0,0,0,0,0,0,0,1,0,0,0,0,0,0,0,0,0,0,0,0,0,0,0,0,0,1,0,0,0,0,1,0,0,0,0,1,0,0,0,0,0,0,10611.666666666666,0.3321815611748076,1,127340.0
40,4,15,127340,759,0,4025,34700.0,36,8.31,1092.34,48.2,0,0,0,0,0,0,0,0,0,0,0,0,0,0,0,1,0,0,0,0,0,0,0,0,0,0,0,0,0,0,0,0,0,1,0,0,0,0,1,0,0,0,1,0,0,0,0,0,0,0,10611.666666666666,0.2724988220512015,1,127340.0
67,3,30,69250,841,1,2944,40100.0,60,7.03,794.6,64.8,0,0,0,0,0,0,0,0,0,0,0,0,0,0,0,0,0,1,0,0,0,0,0,0,0,0,0,0,0,0,0,0,0,1,0,0,0,1,0,0,0,0,1,0,0,0,0,0,0,0,5770.833333333333,0.5790613718411552,1,34625.0
67,3,30,69250,841,1,2944,25700.0,60,6.95,508.28,59.8,62,1,0,0,0,0,0,0,0,0,0,0,0,0,0,0,0,1,0,0,0,0,0,0,0,0,0,0,0,0,0,0,0,1,0,0,0,1,0,0,1,0,0,0,0,0,0,0,0,0,5770.833333333333,0.3711191335740072,1,34625.0
66,3,5,102385,819,2,1941,29400.0,24,10.76,1367.0,38.8,0,0,0,0,0,0,0,0,1,0,0,0,0,0,0,0,0,0,0,0,0,0,0,0,0,0,0,0,0,0,0,0,0,1,0,0,0,0,1,0,0,0,0,0,0,0,1,0,0,0,8532.083333333334,0.28715143819895494,1,34128.333333333336
63,3,21,44963,734,0,372,32400.0,48,7.78,787.64,30.9,15,0,0,1,0,0,0,0,0,0,0,0,0,0,0,0,0,0,0,0,0,0,0,0,0,0,0,0,0,0,0,0,0,0,1,0,0,0,0,1,0,0,0,0,0,0,0,1,0,0,3746.9166666666665,0.7205924871561061,1,44963.0
36,3,7,77637,829,1,2521,21500.0,12,9.58,1885.99,68.1,0,0,0,0,0,0,0,0,0,0,0,0,0,0,0,0,0,0,0,0,0,0,0,0,0,0,0,0,0,0,1,0,0,1,0,0,0,1,0,0,0,0,0,0,0,1,0,0,0,0,6469.75,0.2769298143926221,1,38818.5
36,3,7,77637,829,1,2521,25600.0,60,8.43,524.36,47.1,0,0,0,0,0,0,0,0,0,0,0,0,0,0,0,0,0,0,0,0,0,0,0,0,0,0,0,0,0,0,1,0,0,1,0,0,0,1,0,0,0,1,0,0,0,0,0,0,0,0,6469.75,0.32973968597447095,1,38818.5
66,3,18,42167,583,0,1828,22300.0,12,14.87,2011.39,109.3,109,1,0,0,0,0,0,0,0,0,0,0,0,0,0,0,0,0,0,0,1,0,0,0,0,0,0,0,0,0,0,0,0,1,0,0,0,1,0,0,0,1,0,0,0,0,0,0,0,0,3513.9166666666665,0.5288495743116656,1,42167.0
66,3,18,42167,583,0,1828,6100.0,48,12.44,161.96,56.6,0,0,0,0,0,0,0,0,0,0,0,0,0,0,0,0,0,0,0,0,1,0,0,0,0,0,0,0,0,0,0,0,0,1,0,0,0,1,0,0,0,0,0,0,1,0,0,0,0,0,3513.9166666666665,0.14466288804041075,1,42167.0
31,2,7,65633,801,1,2178,48000.0,12,10.76,4236.95,117.3,15,0,0,0,0,0,0,1,0,0,0,0,0,0,0,0,0,0,0,0,0,0,0,0,0,0,0,0,0,0,0,0,0,1,0,0,0,1,0,0,0,0,0,0,1,0,0,0,0,0,5469.416666666667,0.7313394176709886,1,32816.5
42,1,10,47419,541,3,2034,29700.0,12,15.86,2692.74,119.6,46,1,0,0,0,0,0,0,0,0,0,0,0,0,0,0,1,0,0,0,0,0,0,0,0,0,0,0,0,0,0,0,0,1,0,0,0,1,0,0,0,0,0,0,1,0,0,0,0,0,3951.5833333333335,0.6263312174444843,1,11854.75
37,3,14,33944,743,2,405,22200.0,36,10.67,723.34,39.9,44,1,0,0,0,0,0,0,0,0,0,0,0,0,0,0,0,0,0,0,0,0,0,0,0,0,0,0,0,0,1,0,0,0,1,0,0,0,1,0,0,0,1,0,0,0,0,0,0,0,2828.6666666666665,0.6540183832194202,1,11314.666666666666
64,3,28,79780,636,0,1046,21300.0,60,13.16,486.39,23.0,0,0,0,0,0,0,0,0,0,0,0,0,0,0,0,0,0,0,0,0,0,0,0,0,0,0,0,0,0,0,1,0,0,1,0,0,0,1,0,0,1,0,0,0,0,0,0,0,0,0,6648.333333333333,0.26698420656806215,0,79780.0
39,4,17,59967,582,0,534,44200.0,60,10.81,956.83,29.8,0,0,0,0,0,0,0,0,0,0,0,0,0,0,0,0,0,0,0,1,0,0,0,0,0,0,0,0,0,0,0,0,1,0,0,0,0,0,1,0,0,0,0,0,0,0,0,0,1,0,4997.25,0.7370720562976304,0,59967.0
64,4,24,109435,850,0,2060,30500.0,24,10.36,1412.49,38.1,0,0,0,0,0,0,0,0,0,0,0,0,0,0,1,0,0,0,0,0,0,0,0,0,0,0,0,0,0,0,0,0,0,1,0,0,0,1,0,0,0,0,0,0,0,0,0,0,0,1,9119.583333333334,0.27870425366656004,1,109435.0
51,3,5,85642,692,0,1446,7900.0,12,8.77,690.02,29.9,0,0,0,0,0,0,0,0,0,0,0,0,0,0,0,0,0,0,0,1,0,0,0,0,0,0,0,0,0,0,0,0,1,0,0,0,0,0,0,1,0,0,0,0,0,0,0,0,1,0,7136.833333333333,0.09224445949417343,0,85642.0
33,3,2,65383,840,0,2003,39200.0,24,8.35,1779.17,69.4,30,0,0,1,0,0,0,0,0,0,0,0,0,0,0,0,0,0,0,0,0,0,0,0,0,0,0,0,0,0,0,0,0,1,0,0,0,1,0,0,0,0,0,0,0,0,0,0,0,1,5448.583333333333,0.5995442240337703,1,65383.0
66,4,31,41677,615,1,956,8800.0,60,14.04,204.94,33.4,30,0,0,0,0,0,0,0,0,0,0,0,0,0,0,0,0,0,0,0,0,0,0,0,1,0,0,0,0,0,0,0,0,0,0,1,0,1,0,0,0,0,0,0,0,0,1,0,0,0,3473.0833333333335,0.21114763538642417,1,20838.5
25,4,3,57707,629,2,1224,28000.0,48,12.52,744.52,40.9,0,0,0,0,0,0,0,0,0,0,1,0,0,0,0,0,0,0,0,0,0,0,0,0,0,0,0,0,0,0,0,0,0,0,0,1,0,0,0,1,0,0,0,0,1,0,0,0,0,0,4808.916666666667,0.4852097665794444,1,19235.666666666668
53,3,1,71779,577,0,1121,17200.0,12,12.86,1535.13,44.4,0,0,0,0,0,0,0,0,1,0,0,0,0,0,0,0,0,0,0,0,0,0,0,0,0,0,0,0,0,0,0,0,1,0,0,0,0,0,0,1,0,0,0,1,0,0,0,0,0,0,5981.583333333333,0.2396244026804497,1,71779.0
56,2,35,55533,783,0,2024,47700.0,36,10.99,1561.41,77.5,0,0,0,0,0,0,0,0,0,0,0,0,0,0,1,0,0,0,0,0,0,0,0,0,0,0,0,0,0,0,0,0,0,0,0,0,1,1,0,0,0,0,0,0,0,0,0,0,1,0,4627.75,0.8589487331856733,1,55533.0
45,3,17,89088,765,0,3452,28600.0,24,8.7,1302.65,64.0,15,0,0,1,0,0,0,0,0,0,0,0,0,0,0,0,0,0,0,0,0,0,0,0,0,0,0,0,0,0,0,0,0,0,0,0,1,0,1,0,0,0,0,0,1,0,0,0,0,0,7424.0,0.3210308908045977,1,89088.0
37,2,2,30106,703,2,422,4500.0,36,11.88,149.21,22.8,0,0,0,0,0,0,0,1,0,0,0,0,0,0,0,0,0,0,0,0,0,0,0,0,0,0,0,0,0,0,0,0,0,0,0,1,0,1,0,0,0,1,0,0,0,0,0,0,0,0,2508.8333333333335,0.149471866073208,0,10035.333333333334
37,2,2,30106,703,2,422,36100.0,12,12.44,3214.88,145.0,0,0,0,0,0,0,0,1,0,0,0,0,0,0,0,0,0,0,0,0,0,0,0,0,0,0,0,0,0,0,0,0,0,0,0,1,0,1,0,0,0,0,0,0,0,0,1,0,0,0,2508.8333333333335,1.199096525609513,1,10035.333333333334
59,3,10,79534,754,0,1017,19700.0,36,10.74,642.53,25.0,30,0,0,0,0,0,0,0,0,0,0,1,0,0,0,0,0,0,0,0,0,0,0,0,0,0,0,0,0,0,0,0,1,0,0,0,0,1,0,0,1,0,0,0,0,0,0,0,0,0,6627.833333333333,0.2476928106218724,0,79534.0
59,3,10,79534,754,0,1017,31300.0,24,11.41,1464.79,37.4,0,0,0,0,0,0,0,0,0,0,0,1,0,0,0,0,0,0,0,0,0,0,0,0,0,0,0,0,0,0,0,0,1,0,0,0,0,1,0,0,0,0,0,0,1,0,0,0,0,0,6627.833333333333,0.3935423843890663,1,79534.0
25,3,2,78679,621,0,1204,38600.0,60,10.6,831.58,31.0,0,0,0,0,0,0,0,0,0,0,0,0,0,0,0,1,0,0,0,0,0,0,0,0,0,0,0,0,0,0,0,0,0,1,0,0,0,0,0,1,0,1,0,0,0,0,0,0,0,0,6556.583333333333,0.49060104983540714,1,78679.0
54,5,3,76451,745,2,2552,48500.0,48,8.63,1198.42,58.9,0,0,0,0,0,0,0,0,0,0,0,0,0,0,0,0,0,0,0,0,0,0,1,0,0,0,0,0,0,0,0,0,0,0,0,0,1,0,0,1,0,0,0,0,0,0,1,0,0,0,6370.916666666667,0.6343932715072399,1,25483.666666666668
30,2,7,67675,736,0,1450,33000.0,60,9.6,694.68,38.0,0,0,0,0,0,1,0,0,0,0,0,0,0,0,0,0,0,0,0,0,0,0,0,0,0,0,0,0,0,0,0,0,0,0,0,0,1,0,1,0,0,0,0,0,0,1,0,0,0,0,5639.583333333333,0.48762467676394533,1,67675.0
50,1,16,49464,736,3,966,25800.0,60,10.98,560.7,37.0,0,0,0,0,0,0,0,0,0,0,0,0,0,0,0,0,0,0,0,0,0,0,0,0,0,1,0,0,0,0,0,0,0,0,0,0,1,0,0,1,0,0,0,0,0,0,0,0,1,0,4122.0,0.5215914604560893,1,12366.0
53,2,29,65165,582,1,443,20100.0,24,14.98,974.39,26.1,51,1,0,0,0,0,0,0,0,0,0,0,0,0,0,0,0,0,0,0,0,0,0,0,0,1,0,0,0,0,0,0,0,1,0,0,0,1,0,0,1,0,0,0,0,0,0,0,0,0,5430.416666666667,0.3084477863883987,0,32582.5
56,3,17,55935,783,1,1580,19900.0,24,9.87,917.09,53.6,0,0,0,0,0,0,0,0,0,0,0,0,0,0,0,1,0,0,0,0,0,0,0,0,0,0,0,0,0,0,0,0,0,0,0,1,0,1,0,0,0,0,0,0,1,0,0,0,0,0,4661.25,0.3557700902833646,1,27967.5
58,4,2,131318,574,3,636,17200.0,48,10.56,440.88,9.8,49,1,0,0,0,0,0,0,0,0,0,1,0,0,0,0,0,0,0,0,0,0,0,0,0,0,0,0,0,0,0,0,0,0,0,0,1,0,1,0,0,0,0,1,0,0,0,0,0,0,10943.166666666666,0.13097975905816414,0,32829.5
32,3,11,101722,648,2,1097,26100.0,60,12.42,586.13,19.9,0,0,0,0,0,0,1,0,0,0,0,0,0,0,0,0,0,0,0,0,0,0,0,0,0,0,0,0,0,0,0,0,0,1,0,0,0,0,0,1,0,0,0,0,1,0,0,0,0,0,8476.833333333334,0.2565816637502212,0,33907.333333333336
39,1,1,25301,609,2,901,12600.0,36,11.36,414.66,62.4,65,1,0,0,0,0,0,0,0,0,0,0,0,0,0,1,0,0,0,0,0,0,0,0,0,0,0,0,0,0,0,0,0,1,0,0,0,1,0,0,0,1,0,0,0,0,0,0,0,0,2108.4166666666665,0.4980040314612071,1,8433.666666666666
49,3,2,40669,774,1,923,2400.0,36,8.51,75.77,29.5,0,0,0,0,0,0,0,0,1,0,0,0,0,0,0,0,0,0,0,0,0,0,0,0,0,0,0,0,0,0,0,0,0,0,0,0,1,0,1,0,0,0,0,0,0,0,0,1,0,0,3389.0833333333335,0.05901300745039219,0,20334.5
49,3,2,40669,774,1,923,2600.0,60,12.05,57.9,28.9,0,0,0,0,0,0,0,0,1,0,0,0,0,0,0,0,0,0,0,0,0,0,0,0,0,0,0,0,0,0,0,0,0,0,0,0,1,0,1,0,0,0,0,0,0,0,0,0,0,1,3389.0833333333335,0.06393075807125821,0,20334.5
22,3,2,103644,761,0,817,39700.0,48,10.93,1024.72,21.3,0,0,0,0,0,0,0,0,0,0,0,0,0,0,0,0,0,0,0,0,1,0,0,0,0,0,0,0,0,0,0,0,1,0,0,0,0,0,1,0,0,1,0,0,0,0,0,0,0,0,8637.0,0.3830419512948169,0,103644.0
28,1,2,32933,720,0,865,9300.0,60,8.15,189.24,38.4,0,0,0,0,0,0,0,0,0,0,0,0,0,0,0,0,1,0,0,0,0,0,0,0,0,0,0,0,0,0,0,0,0,1,0,0,0,1,0,0,0,0,0,0,0,1,0,0,0,0,2744.4166666666665,0.2823915221813986,1,32933.0
22,3,2,63005,644,1,2064,19900.0,48,13.08,534.66,49.5,0,0,0,0,0,0,0,0,0,0,0,0,0,0,0,0,0,0,0,0,0,0,0,0,0,0,0,0,1,0,0,0,0,1,0,0,0,0,0,1,0,0,0,1,0,0,0,0,0,0,5250.416666666667,0.3158479485755099,1,31502.5
35,1,12,48886,831,1,488,49700.0,60,9.3,1038.94,37.5,0,0,0,1,0,0,0,0,0,0,0,0,0,0,0,0,0,0,0,0,0,0,0,0,0,0,0,0,0,0,0,0,0,1,0,0,0,1,0,0,0,0,0,0,0,0,1,0,0,0,4073.8333333333335,1.0166509839217772,1,24443.0
35,1,12,48886,831,1,488,18800.0,36,9.0,597.83,26.7,0,0,0,1,0,0,0,0,0,0,0,0,0,0,0,0,0,0,0,0,0,0,0,0,0,0,0,0,0,0,0,0,0,1,0,0,0,1,0,0,0,0,0,0,0,0,0,1,0,0,4073.8333333333335,0.3845681790287608,0,24443.0
39,3,9,78943,846,0,3115,19000.0,48,6.03,446.48,54.1,128,1,0,0,0,0,0,0,0,0,0,0,0,0,0,0,0,0,0,0,0,0,0,0,0,1,0,0,0,0,0,0,0,1,0,0,0,0,0,1,0,0,0,0,0,0,1,0,0,0,6578.583333333333,0.24067998429246418,1,78943.0
41,2,9,20963,725,3,921,8100.0,48,8.2,198.51,64.1,113,1,0,0,0,0,0,0,0,0,0,1,0,0,0,0,0,0,0,0,0,0,0,0,0,0,0,0,0,0,0,0,0,0,1,0,0,1,0,0,0,1,0,0,0,0,0,0,0,0,1746.9166666666667,0.3863950770404999,1,5240.75
53,3,33,81309,576,4,3502,49500.0,24,13.08,2355.18,86.4,0,0,0,0,1,0,0,0,0,0,0,0,0,0,0,0,0,0,0,0,0,0,0,0,0,0,0,0,0,0,0,0,0,1,0,0,0,0,0,1,0,0,0,0,0,1,0,0,0,0,6775.75,0.6087886949784157,1,16261.8
53,3,33,81309,576,4,3502,9200.0,48,14.49,253.67,55.4,177,1,0,0,1,0,0,0,0,0,0,0,0,0,0,0,0,0,0,0,0,0,0,0,0,0,0,0,0,0,0,0,0,1,0,0,0,0,0,1,0,1,0,0,0,0,0,0,0,0,6775.75,0.11314860593538231,1,16261.8
30,3,10,67451,814,4,2446,26800.0,48,7.81,651.88,55.1,0,0,0,0,0,0,0,0,0,0,0,0,0,0,0,0,0,0,0,0,0,0,0,0,0,0,1,0,0,0,0,0,1,0,0,0,0,0,1,0,0,0,0,0,0,0,0,0,0,1,5620.916666666667,0.3973254658937599,1,13490.2
30,3,10,67451,814,4,2446,27200.0,60,10.83,589.09,54.0,0,0,0,0,0,0,0,0,0,0,0,0,0,0,0,0,0,0,0,0,0,0,0,0,0,0,1,0,0,0,0,0,1,0,0,0,0,0,1,0,0,0,0,0,0,0,0,0,0,1,5620.916666666667,0.40325569672799516,1,13490.2
23,3,3,54364,560,2,1964,33100.0,36,12.62,1109.22,67.8,75,1,0,0,0,1,0,0,0,0,0,0,0,0,0,0,0,0,0,0,0,0,0,0,0,0,0,0,0,0,0,0,0,1,0,0,0,1,0,0,0,0,0,0,0,0,0,0,1,0,4530.333333333333,0.6088588036200426,1,18121.333333333332
49,4,4,100637,850,0,4280,45700.0,24,9.33,2094.72,76.0,15,0,0,0,0,0,0,0,0,0,0,0,0,0,0,1,0,0,0,0,0,0,0,0,0,0,0,0,0,0,0,0,0,1,0,0,0,1,0,0,0,0,0,0,0,1,0,0,0,0,8386.416666666666,0.454107336267973,1,100637.0
49,4,4,100637,850,0,4280,32100.0,36,9.17,1023.31,63.2,0,0,0,0,0,0,0,0,0,0,0,0,0,0,0,1,0,0,0,0,0,0,0,0,0,0,0,0,0,0,0,0,0,1,0,0,0,1,0,0,0,0,0,0,0,0,1,0,0,0,8386.416666666666,0.31896817273964845,1,100637.0
31,3,1,81067,850,2,3196,14600.0,12,8.36,1272.46,66.1,0,0,0,1,0,0,0,0,0,0,0,0,0,0,0,0,0,0,0,0,0,0,0,0,0,0,0,0,0,0,0,0,0,1,0,0,0,1,0,0,0,0,0,0,0,0,0,1,0,0,6755.583333333333,0.18009794367621842,1,27022.333333333332
25,2,4,20854,838,2,730,6200.0,48,7.94,151.19,50.7,0,0,0,0,0,0,0,0,0,0,0,0,0,0,0,0,1,0,0,0,0,0,0,0,0,0,0,0,0,0,0,0,0,0,0,1,0,0,1,0,0,0,1,0,0,0,0,0,0,0,1737.8333333333333,0.29730507336721973,1,6951.333333333333
29,1,5,22799,779,3,341,12300.0,48,9.32,307.96,34.2,0,0,0,0,0,0,0,0,0,0,0,1,0,0,0,0,0,0,0,0,0,0,0,0,0,0,0,0,0,0,0,0,0,1,0,0,0,1,0,0,0,0,0,0,0,0,1,0,0,0,1899.9166666666667,0.539497346374841,1,5699.75
45,1,24,31860,585,3,493,8800.0,12,13.28,787.15,48.2,166,1,0,0,0,0,0,0,0,0,0,0,0,0,0,0,0,0,0,1,0,0,0,0,0,0,0,0,0,0,0,0,0,0,0,0,1,0,0,1,1,0,0,0,0,0,0,0,0,0,2655.0,0.27620841180163214,1,7965.0
26,2,3,35035,779,1,973,11000.0,36,7.78,343.58,45.1,0,0,0,0,0,0,0,0,0,0,0,0,0,0,0,0,0,0,0,0,0,0,0,0,0,0,0,1,0,0,0,0,0,0,0,1,0,1,0,0,0,0,0,0,0,0,1,0,0,0,2919.5833333333335,0.3139717425431711,1,17517.5
45,1,7,53878,589,0,2161,42200.0,60,13.39,968.63,69.7,108,1,0,0,1,0,0,0,0,0,0,0,0,0,0,0,0,0,0,0,0,0,0,0,0,0,0,0,0,0,0,0,0,0,0,0,1,0,0,1,0,0,0,0,0,0,0,0,1,0,4489.833333333333,0.7832510486655035,1,53878.0
37,1,1,54791,621,2,1725,13400.0,24,14.29,645.21,51.9,0,0,0,0,0,0,0,0,0,0,0,0,0,0,0,0,0,0,0,0,0,0,0,0,0,0,0,0,1,0,0,0,0,1,0,0,0,1,0,0,0,0,0,0,0,0,0,0,0,1,4565.916666666667,0.24456571334708255,1,18263.666666666668
36,2,2,62677,673,1,2616,10100.0,12,9.89,887.43,67.1,0,0,0,0,0,0,0,1,0,0,0,0,0,0,0,0,0,0,0,0,0,0,0,0,0,0,0,0,0,0,0,0,0,1,0,0,0,1,0,0,0,0,1,0,0,0,0,0,0,0,5223.083333333333,0.16114364120809865,1,31338.5
33,2,1,31521,730,0,1240,23900.0,36,10.64,778.39,76.8,15,0,0,0,0,0,0,0,0,0,0,0,0,0,0,0,0,0,0,0,0,0,1,0,0,0,0,0,0,0,0,0,0,1,0,0,0,0,0,1,0,0,0,0,0,1,0,0,0,0,2626.75,0.7582246756130834,1,31521.0
42,1,18,35385,674,2,831,8300.0,24,8.84,378.57,41.0,84,1,1,0,0,0,0,0,0,0,0,0,0,0,0,0,0,0,0,0,0,0,0,0,0,0,0,0,0,0,0,0,0,1,0,0,0,0,0,1,0,1,0,0,0,0,0,0,0,0,2948.75,0.23456266779708917,1,11795.0
59,5,15,88548,819,1,1228,15400.0,60,8.19,313.66,20.9,0,0,0,0,0,0,0,0,0,0,0,0,0,0,0,0,0,0,0,0,0,0,0,0,0,0,0,0,1,0,0,0,0,0,0,1,0,0,1,0,0,0,0,0,1,0,0,0,0,0,7379.0,0.17391697158603242,0,44274.0
44,3,0,41212,701,3,1420,38100.0,60,9.17,794.04,64.5,30,0,0,0,0,0,0,0,0,0,0,0,0,0,0,0,0,0,0,0,0,0,0,0,0,0,0,0,0,0,1,0,0,0,0,0,1,0,0,1,0,0,0,0,1,0,0,0,0,0,3434.3333333333335,0.9244880132000388,1,10303.0
28,2,2,29277,555,0,404,13700.0,36,15.64,479.22,36.2,34,1,0,0,0,0,0,0,0,0,0,0,0,0,0,0,0,0,0,0,1,0,0,0,0,0,0,0,0,0,0,0,0,0,0,1,0,0,0,1,0,0,0,0,0,0,1,0,0,0,2439.75,0.46794411995764595,1,29277.0
55,3,6,69849,578,3,508,26500.0,24,12.88,1258.37,30.3,61,1,0,0,0,1,0,0,0,0,0,0,0,0,0,0,0,0,0,0,0,0,0,0,0,0,0,0,0,0,0,0,1,0,0,0,0,1,0,0,0,0,0,0,0,0,0,0,0,1,5820.75,0.3793898266260075,1,17462.25
58,1,16,27000,674,3,900,21000.0,12,9.45,1840.87,121.8,0,0,0,0,0,0,0,0,0,0,0,0,0,0,0,0,0,0,0,0,0,0,0,0,0,0,0,0,1,0,0,0,0,0,0,0,1,0,0,1,0,0,0,0,0,1,0,0,0,0,2250.0,0.7777777777777778,1,6750.0
42,2,4,32850,628,0,281,22800.0,36,10.2,737.83,37.2,0,0,0,0,0,0,0,0,0,0,0,0,0,0,1,0,0,0,0,0,0,0,0,0,0,0,0,0,0,0,0,0,0,1,0,0,0,0,0,1,0,0,0,0,0,0,0,0,0,1,2737.5,0.6940639269406392,1,32850.0
50,3,14,74791,641,3,593,13000.0,36,11.03,425.79,16.3,15,0,0,0,0,0,0,0,0,0,0,0,0,0,0,0,0,0,1,0,0,0,0,0,0,0,0,0,0,0,0,0,0,1,0,0,0,1,0,0,1,0,0,0,0,0,0,0,0,0,6232.583333333333,0.17381770533887766,0,18697.75
50,3,14,74791,641,3,593,35400.0,24,12.36,1672.36,36.3,0,0,0,0,0,0,0,0,0,0,0,0,0,0,0,0,0,0,1,0,0,0,0,0,0,0,0,0,0,0,0,0,0,1,0,0,0,1,0,0,0,1,0,0,0,0,0,0,0,0,6232.583333333333,0.4733189822304823,1,18697.75
65,2,20,57272,640,0,1087,5800.0,24,14.02,278.53,28.6,170,1,0,0,0,0,0,0,0,0,0,0,0,0,0,0,0,0,0,0,0,0,0,0,0,1,0,0,0,0,0,0,0,0,0,0,1,0,1,0,0,0,0,0,0,0,0,0,1,0,4772.666666666667,0.10127112725240955,0,57272.0
54,1,1,51267,619,1,1811,4200.0,48,11.24,109.04,44.9,75,1,0,0,0,0,0,0,0,0,0,0,0,0,0,0,0,0,0,0,0,0,1,0,0,0,0,0,0,0,0,0,0,1,0,0,0,0,0,1,0,1,0,0,0,0,0,0,0,0,4272.25,0.08192404470712154,1,25633.5
54,1,1,51267,619,1,1811,10200.0,48,14.52,281.4,49.0,153,1,0,0,0,0,0,0,0,0,0,0,0,0,0,0,0,0,0,0,0,0,1,0,0,0,0,0,0,0,0,0,0,1,0,0,0,0,0,1,0,0,0,0,0,0,0,0,0,1,4272.25,0.19895839428872375,1,25633.5
37,1,0,50342,592,4,483,8200.0,48,12.25,216.95,16.7,0,0,0,0,0,0,0,0,0,0,0,0,1,0,0,0,0,0,0,0,0,0,0,0,0,0,0,0,0,0,0,0,0,1,0,0,0,0,1,0,0,0,0,1,0,0,0,0,0,0,4195.166666666667,0.16288586071272496,0,10068.4
47,3,18,44951,828,0,2054,4900.0,36,9.18,156.23,59.0,0,0,0,0,0,0,0,0,0,0,0,0,0,0,0,0,0,0,0,0,0,0,0,1,0,0,0,0,0,0,0,0,0,0,1,0,0,1,0,0,0,0,0,0,0,1,0,0,0,0,3745.9166666666665,0.1090075860381304,1,44951.0
34,4,1,65650,704,0,2801,30600.0,12,9.93,2689.23,100.4,78,1,0,0,0,0,0,0,0,0,0,0,0,1,0,0,0,0,0,0,0,0,0,0,0,0,0,0,0,0,0,0,0,1,0,0,0,0,1,0,1,0,0,0,0,0,0,0,0,0,5470.833333333333,0.4661081492764661,1,65650.0
49,4,5,57129,748,0,904,20000.0,48,12.16,528.25,30.1,0,0,0,0,0,0,0,0,0,0,0,0,0,0,0,0,0,0,0,0,0,0,0,0,0,0,0,0,1,0,0,0,0,1,0,0,0,1,0,0,0,0,0,0,0,0,0,1,0,0,4760.75,0.35008489558717987,1,57129.0
31,1,7,17078,671,1,133,6100.0,12,10.74,538.39,47.2,141,1,0,0,0,0,0,0,0,0,0,0,0,0,0,0,0,1,0,0,0,0,0,0,0,0,0,0,0,0,0,0,0,0,1,0,0,1,0,0,0,0,0,0,0,0,0,0,0,1,1423.1666666666667,0.3571846820470781,1,8539.0
46,1,7,53539,799,1,266,24900.0,36,10.17,805.44,24.0,0,0,0,0,0,0,0,0,0,0,0,1,0,0,0,0,0,0,0,0,0,0,0,0,0,0,0,0,0,0,0,0,0,1,0,0,0,1,0,0,0,0,0,1,0,0,0,0,0,0,4461.583333333333,0.4650815293524347,0,26769.5
46,1,7,53539,799,1,266,19300.0,12,10.17,1698.3,44.0,0,0,0,0,0,0,0,0,0,0,0,1,0,0,0,0,0,0,0,0,0,0,0,0,0,0,0,0,0,0,0,0,0,1,0,0,0,1,0,0,0,0,1,0,0,0,0,0,0,0,4461.583333333333,0.36048488018080277,1,26769.5
46,4,11,101319,793,1,1563,33800.0,24,6.85,1511.02,36.4,15,0,0,0,0,0,0,0,0,0,1,0,0,0,0,0,0,0,0,0,0,0,0,0,0,0,0,0,0,0,0,0,0,1,0,0,0,0,0,1,0,0,0,0,0,0,0,0,0,1,8443.25,0.3335998183953651,1,50659.5
23,2,0,70784,678,1,2556,11100.0,48,9.53,279.03,48.1,107,1,0,0,0,0,0,0,0,0,0,0,0,0,0,0,0,0,0,0,0,0,0,0,0,0,1,0,0,0,0,0,0,1,0,0,0,0,0,1,0,0,0,0,1,0,0,0,0,0,5898.666666666667,0.15681509945750452,1,35392.0
36,5,1,135142,686,2,6096,20400.0,36,12.24,679.91,60.2,176,1,0,0,0,0,0,0,1,0,0,0,0,0,0,0,0,0,0,0,0,0,0,0,0,0,0,0,0,0,0,0,0,1,0,0,0,0,0,1,0,0,0,0,0,0,0,1,0,0,11261.833333333334,0.15095233162155364,1,45047.333333333336
46,3,7,94525,630,2,1806,14900.0,24,14.15,716.45,32.0,0,0,0,0,0,0,0,0,0,0,0,1,0,0,0,0,0,0,0,0,0,0,0,0,0,0,0,0,0,0,0,0,1,0,0,0,0,1,0,0,0,0,0,1,0,0,0,0,0,0,7877.083333333333,0.15763025654588733,1,31508.333333333332
59,1,9,55754,818,3,2114,15500.0,60,8.45,317.63,52.3,0,0,0,0,0,0,0,0,0,0,0,0,0,0,0,0,0,0,0,0,0,1,0,0,0,0,0,0,0,0,0,0,0,0,0,0,1,1,0,0,0,0,0,0,1,0,0,0,0,0,4646.166666666667,0.27800695914194495,1,13938.5
53,3,14,43022,558,1,180,20100.0,12,12.95,1794.81,55.1,45,1,0,0,1,0,0,0,0,0,0,0,0,0,0,0,0,0,0,0,0,0,0,0,0,0,0,0,0,0,0,0,0,1,0,0,0,1,0,0,0,1,0,0,0,0,0,0,0,0,3585.1666666666665,0.46720282646088046,1,21511.0
61,2,3,62522,700,2,629,34700.0,48,10.54,889.11,29.1,0,0,0,0,0,0,0,0,0,0,0,0,0,0,1,0,0,0,0,0,0,0,0,0,0,0,0,0,0,0,0,0,0,1,0,0,0,0,1,0,0,1,0,0,0,0,0,0,0,0,5210.166666666667,0.5550046383672947,0,20840.666666666668
29,4,6,137015,741,1,1349,3400.0,24,10.04,156.96,13.2,98,1,0,0,0,0,0,0,0,0,0,0,0,0,0,0,0,0,0,1,0,0,0,0,0,0,0,0,0,0,0,0,1,0,0,0,0,1,0,0,1,0,0,0,0,0,0,0,0,0,11417.916666666666,0.02481480129912783,0,68507.5
32,4,10,109449,794,4,3618,39900.0,12,7.25,3457.02,77.6,0,0,0,0,0,0,0,0,0,0,0,0,0,0,0,0,0,0,0,0,0,0,0,0,0,1,0,0,0,0,0,0,0,1,0,0,0,1,0,0,0,0,1,0,0,0,0,0,0,0,9120.75,0.364553353616753,1,21889.8
61,4,24,105131,634,0,1216,24700.0,36,12.46,825.83,23.3,15,0,0,0,0,0,0,0,0,0,0,0,0,0,0,0,0,0,0,0,0,0,0,0,0,1,0,0,0,0,0,0,0,1,0,0,0,1,0,0,1,0,0,0,0,0,0,0,0,0,8760.916666666666,0.23494497341412143,0,105131.0
61,4,24,105131,634,0,1216,33900.0,48,12.49,900.89,24.2,0,0,0,0,0,0,0,0,0,0,0,0,0,0,0,0,0,0,0,0,0,0,0,0,0,1,0,0,0,0,0,0,0,1,0,0,0,1,0,0,0,1,0,0,0,0,0,0,0,0,8760.916666666666,0.32245484205419905,0,105131.0
22,4,0,52919,820,3,2353,44600.0,24,6.46,1985.96,98.4,0,0,0,0,0,0,0,0,0,0,0,0,0,0,0,0,0,0,0,1,0,0,0,0,0,0,0,0,0,0,0,0,0,0,0,1,0,0,1,0,0,0,0,0,0,1,0,0,0,0,4409.916666666667,0.842797482945634,1,13229.75
22,4,0,52919,820,3,2353,25000.0,48,8.91,621.06,67.4,112,1,0,0,0,0,0,0,0,0,0,0,0,0,0,0,0,0,0,1,0,0,0,0,0,0,0,0,0,0,0,0,0,0,0,1,0,0,1,0,0,1,0,0,0,0,0,0,0,0,4409.916666666667,0.4724201137587634,1,13229.75
36,3,2,72256,704,0,2966,48500.0,36,11.66,1603.03,75.9,0,0,0,0,0,0,0,0,0,0,0,0,0,0,0,0,0,0,0,1,0,0,0,0,0,0,0,0,0,0,0,0,0,1,0,0,0,0,1,0,0,0,0,1,0,0,0,0,0,0,6021.333333333333,0.6712245349867139,1,72256.0
27,4,7,117172,716,0,819,47200.0,48,13.0,1266.26,21.4,0,0,0,0,0,0,0,0,0,0,0,0,0,0,0,0,0,0,0,0,0,1,0,0,0,0,0,0,0,0,0,0,0,0,0,0,1,0,1,0,0,0,0,0,0,1,0,0,0,0,9764.333333333334,0.40282661386679414,0,117172.0
38,4,13,58731,754,1,2402,39700.0,60,7.59,797.21,65.4,0,0,0,0,0,0,1,0,0,0,0,0,0,0,0,0,0,0,0,0,0,0,0,0,0,0,0,0,0,0,0,0,0,0,0,0,1,0,0,1,0,0,0,0,0,0,0,1,0,0,4894.25,0.675963290255572,1,29365.5
44,3,20,71191,830,0,515,17000.0,12,8.58,1483.37,33.7,0,0,0,0,0,0,0,0,1,0,0,0,0,0,0,0,0,0,0,0,0,0,0,0,0,0,0,0,0,0,0,0,0,1,0,0,0,0,0,1,0,0,0,0,0,0,0,0,1,0,5932.583333333333,0.23879422960767513,1,71191.0
24,2,2,73366,572,0,534,36400.0,24,15.11,1766.82,37.6,0,0,0,0,0,0,0,0,0,0,0,0,0,0,0,0,0,0,0,0,0,0,0,0,0,0,0,0,0,0,1,0,0,1,0,0,0,0,1,0,0,0,0,0,1,0,0,0,0,0,6113.833333333333,0.49614262737507836,1,73366.0
27,2,6,42400,545,2,943,34200.0,24,15.53,1666.87,73.9,115,1,0,0,0,0,0,0,0,0,0,0,0,0,0,0,0,0,0,0,0,0,0,0,1,0,0,0,0,0,0,0,0,0,0,1,0,0,0,1,0,0,0,0,0,0,0,0,1,0,3533.3333333333335,0.8066037735849056,1,14133.333333333334
25,1,5,29087,808,0,462,22100.0,36,8.42,696.82,47.8,0,0,0,0,0,0,0,0,0,0,0,0,0,0,0,0,0,1,0,0,0,0,0,0,0,0,0,0,0,0,0,0,0,1,0,0,0,0,0,1,0,0,0,0,0,0,0,0,0,1,2423.9166666666665,0.7597895967270601,1,29087.0
25,1,5,29087,808,0,462,9800.0,12,7.99,852.44,54.2,78,1,0,0,0,0,0,0,0,0,0,0,0,0,0,0,0,1,0,0,0,0,0,0,0,0,0,0,0,0,0,0,0,1,0,0,0,0,0,1,0,0,0,0,0,1,0,0,0,0,2423.9166666666665,0.3369202736617733,1,29087.0
37,1,4,41748,781,1,686,7000.0,36,11.75,231.67,26.4,0,0,0,0,1,0,0,0,0,0,0,0,0,0,0,0,0,0,0,0,0,0,0,0,0,0,0,0,0,0,0,0,0,1,0,0,0,0,1,0,0,0,0,0,1,0,0,0,0,0,3479.0,0.1676727028839705,0,20874.0
64,3,10,46787,635,1,420,12900.0,24,12.02,607.37,26.4,32,1,0,0,0,0,0,0,0,0,0,0,0,0,0,0,0,0,0,0,1,0,0,0,0,0,0,0,0,0,0,0,0,1,0,0,0,1,0,0,0,0,0,0,0,1,0,0,0,0,3898.9166666666665,0.2757176138670998,0,23393.5
47,3,17,57507,850,3,1124,32200.0,36,10.02,1039.31,45.1,0,0,0,0,0,0,0,0,0,0,0,0,0,0,0,0,0,0,0,0,0,0,0,0,0,0,0,0,0,1,0,0,1,0,0,0,0,1,0,0,0,0,0,0,0,0,0,0,1,0,4792.25,0.5599318343853792,1,14376.75
50,1,18,31671,662,2,259,11300.0,12,10.33,995.18,47.5,0,0,0,0,0,0,0,0,0,0,0,0,1,0,0,0,0,0,0,0,0,0,0,0,0,0,0,0,0,0,0,0,0,1,0,0,0,0,1,0,0,0,1,0,0,0,0,0,0,0,2639.25,0.3567932809194531,1,10557.0
64,2,14,74246,836,1,1926,18000.0,24,10.31,833.19,44.6,0,0,0,0,0,0,0,0,0,0,0,0,0,0,0,0,0,0,0,0,0,0,0,1,0,0,0,0,0,0,0,0,0,1,0,0,0,1,0,0,0,0,1,0,0,0,0,0,0,0,6187.166666666667,0.2424373030196913,1,37123.0
64,2,14,74246,836,1,1926,36900.0,36,10.99,1207.88,50.7,0,0,0,0,0,0,0,0,0,0,0,0,0,0,0,0,0,0,0,0,0,0,0,1,0,0,0,0,0,0,0,0,0,1,0,0,0,1,0,0,0,0,0,0,0,0,1,0,0,0,6187.166666666667,0.49699647119036716,1,37123.0
56,3,30,46283,650,3,1570,20800.0,60,12.8,471.14,52.9,0,0,0,0,0,0,0,0,0,0,0,0,0,0,0,0,0,0,0,0,0,0,0,0,0,0,0,0,0,0,1,0,0,0,0,1,0,1,0,0,0,0,0,1,0,0,0,0,0,0,3856.9166666666665,0.44940907028498583,1,11570.75
54,3,9,77060,850,1,3368,40000.0,12,10.08,3518.12,107.2,0,0,0,0,0,0,0,0,0,0,0,0,1,0,0,0,0,0,0,0,0,0,0,0,0,0,0,0,0,0,0,0,0,1,0,0,0,0,1,0,0,0,0,0,0,0,1,0,0,0,6421.666666666667,0.5190760446405398,1,38530.0
32,5,1,79686,751,0,3063,12100.0,24,11.16,564.85,54.6,15,0,0,1,0,0,0,0,0,0,0,0,0,0,0,0,0,0,0,0,0,0,0,0,0,0,0,0,0,0,0,0,1,0,0,0,0,0,0,1,1,0,0,0,0,0,0,0,0,0,6640.5,0.15184599553246492,1,79686.0
31,4,1,132747,584,2,5291,49200.0,24,14.9,2383.21,69.4,151,1,0,0,0,0,0,0,0,0,0,0,0,0,0,0,0,0,0,0,0,0,0,0,0,0,0,0,0,0,1,0,0,1,0,0,0,1,0,0,0,0,0,0,0,0,1,0,0,0,11062.25,0.3706298447422541,1,44249.0
55,3,33,90781,850,1,938,21600.0,36,8.8,684.87,21.5,0,0,0,0,0,0,0,1,0,0,0,0,0,0,0,0,0,0,0,0,0,0,0,0,0,0,0,0,0,0,0,0,1,0,0,0,0,0,0,1,0,0,1,0,0,0,0,0,0,0,7565.083333333333,0.23793525076833258,0,45390.5
59,3,6,28195,579,1,521,12000.0,24,13.61,573.95,46.6,30,0,0,0,0,0,0,0,0,0,0,0,0,0,0,0,0,0,0,0,0,0,1,0,0,0,0,0,0,0,0,0,0,0,0,1,0,0,0,1,0,0,0,0,0,0,0,0,1,0,2349.5833333333335,0.42560737719453806,1,14097.5
48,2,1,55827,772,0,1648,33200.0,36,10.3,1075.95,58.6,0,0,0,0,0,0,0,0,0,0,0,0,0,0,0,0,0,0,0,0,0,0,0,0,0,0,0,0,0,0,1,0,0,0,0,0,1,0,1,0,0,0,0,0,0,0,0,0,1,0,4652.25,0.594694323535207,1,55827.0
66,3,3,96677,661,0,1903,30200.0,60,11.38,662.36,31.8,0,0,0,0,0,0,0,0,0,0,0,0,0,0,0,0,0,0,0,0,0,0,0,0,0,0,0,0,1,0,0,0,0,1,0,0,0,0,0,1,0,0,0,0,0,0,0,1,0,0,8056.416666666667,0.31238040071578554,1,96677.0
43,4,22,78653,786,0,1312,8000.0,36,7.22,247.82,23.8,0,0,0,0,0,0,0,0,0,0,0,0,0,0,0,0,0,0,0,0,0,0,1,0,0,0,0,0,0,0,0,0,0,1,0,0,0,0,0,1,0,0,0,0,0,1,0,0,0,0,6554.416666666667,0.10171258566106824,0,78653.0
50,4,20,117130,850,0,4509,26900.0,60,8.53,552.28,51.9,0,0,0,0,0,0,0,0,0,0,0,0,0,1,0,0,0,0,0,0,0,0,0,0,0,0,0,0,0,0,0,0,0,1,0,0,0,0,1,0,0,0,0,0,0,0,0,1,0,0,9760.833333333334,0.22965935285580125,1,117130.0
50,4,20,117130,850,0,4509,30800.0,24,5.86,1363.13,60.2,0,0,0,0,0,0,0,0,0,0,0,0,0,1,0,0,0,0,0,0,0,0,0,0,0,0,0,0,0,0,0,0,0,1,0,0,0,0,1,0,0,0,0,0,1,0,0,0,0,0,9760.833333333334,0.2629556902586869,1,117130.0
53,4,10,125043,813,1,1227,14300.0,12,6.87,1236.48,23.6,0,0,0,0,0,0,0,0,0,0,0,0,0,0,0,0,0,0,0,0,0,0,0,0,0,1,0,0,0,0,0,0,1,0,0,0,0,0,1,0,0,0,0,0,0,0,1,0,0,0,10420.25,0.11436065993298306,0,62521.5
55,4,3,71139,637,0,1364,3900.0,60,13.91,90.56,24.5,0,0,0,0,0,0,0,0,0,0,0,0,0,1,0,0,0,0,0,0,0,0,0,0,0,0,0,0,0,0,0,0,0,1,0,0,0,0,1,0,0,0,1,0,0,0,0,0,0,0,5928.25,0.054822249399063806,0,71139.0
34,2,14,52736,850,0,1293,49800.0,60,8.52,1022.2,52.7,0,0,0,0,1,0,0,0,0,0,0,0,0,0,0,0,0,0,0,0,0,0,0,0,0,0,0,0,0,0,0,0,1,0,0,0,0,0,1,0,0,0,0,0,0,0,0,1,0,0,4394.666666666667,0.9443264563106796,1,52736.0
50,1,11,43058,709,0,1670,24000.0,24,11.19,1120.71,77.8,0,0,0,0,0,0,1,0,0,0,0,0,0,0,0,0,0,0,0,0,0,0,0,0,0,0,0,0,0,0,0,0,1,0,0,0,0,0,1,0,0,0,0,0,0,0,1,0,0,0,3588.1666666666665,0.5573877096010033,1,43058.0
27,2,3,36926,817,0,471,9800.0,24,8.38,444.93,29.8,0,0,0,0,0,1,0,0,0,0,0,0,0,0,0,0,0,0,0,0,0,0,0,0,0,0,0,0,0,0,0,0,0,1,0,0,0,0,0,1,0,0,0,0,0,0,0,1,0,0,3077.1666666666665,0.26539565617721933,0,36926.0
63,3,30,90383,544,0,3392,26000.0,24,14.51,1254.61,61.7,0,0,0,0,0,1,0,0,0,0,0,0,0,0,0,0,0,0,0,0,0,0,0,0,0,0,0,0,0,0,0,0,0,1,0,0,0,0,0,1,0,1,0,0,0,0,0,0,0,0,7531.916666666667,0.28766471570981267,1,90383.0
36,2,8,43512,850,3,1013,31700.0,24,6.22,1408.11,66.8,0,0,0,0,0,0,0,0,0,0,0,0,0,0,0,0,0,0,0,0,0,0,0,0,0,0,0,0,0,0,1,0,1,0,0,0,0,1,0,0,0,0,0,0,0,1,0,0,0,0,3626.0,0.7285346571060857,1,10878.0
36,2,8,43512,850,3,1013,18100.0,36,9.72,581.66,44.0,0,0,0,0,0,0,0,0,0,0,0,0,0,0,0,0,0,0,0,0,0,0,0,0,0,0,0,0,0,0,1,0,1,0,0,0,0,1,0,0,0,0,0,1,0,0,0,0,0,0,3626.0,0.4159772016914874,1,10878.0
35,3,3,93191,743,4,3647,7000.0,12,8.5,610.54,54.8,0,0,0,0,0,0,0,0,0,0,0,0,0,0,0,0,1,0,0,0,0,0,0,0,0,0,0,0,0,0,0,0,0,0,0,0,1,0,1,0,0,1,0,0,0,0,0,0,0,0,7765.916666666667,0.07511454968827462,1,18638.2
57,3,30,32803,580,2,1314,25100.0,60,10.83,543.61,68.0,129,1,0,0,0,0,0,0,0,0,0,0,0,0,0,0,0,0,1,0,0,0,0,0,0,0,0,0,0,0,0,0,0,0,1,0,0,0,1,0,0,0,0,0,0,0,0,0,0,1,2733.5833333333335,0.7651739170197848,1,10934.333333333334
38,3,4,49297,626,3,1859,42100.0,48,11.95,1107.62,72.2,161,1,0,0,0,0,0,0,1,0,0,0,0,0,0,0,0,0,0,0,0,0,0,0,0,0,0,0,0,0,0,0,0,0,0,1,0,1,0,0,0,0,0,0,0,0,0,1,0,0,4108.083333333333,0.8540073432460393,1,12324.25
60,3,31,49527,543,3,1041,14100.0,36,11.21,463.02,36.4,0,0,0,0,0,0,0,0,0,0,0,0,0,0,0,0,0,0,1,0,0,0,0,0,0,0,0,0,0,0,0,0,0,1,0,0,0,0,0,1,0,0,0,0,0,0,1,0,0,0,4127.25,0.2846931976497668,1,12381.75
24,3,1,55596,705,2,2331,17600.0,48,10.76,452.83,60.1,0,0,0,0,0,1,0,0,0,0,0,0,0,0,0,0,0,0,0,0,0,0,0,0,0,0,0,0,0,0,0,0,0,0,0,1,0,0,0,1,0,0,0,0,0,0,1,0,0,0,4633.0,0.3165695373767897,1,18532.0
64,3,11,51445,815,0,768,29700.0,36,8.45,936.87,39.8,0,0,0,0,0,0,0,0,0,0,0,0,0,0,0,0,0,0,0,0,0,0,0,0,0,0,1,0,0,0,0,0,0,1,0,0,0,1,0,0,0,1,0,0,0,0,0,0,0,0,4287.083333333333,0.5773155797453591,1,51445.0
64,3,11,51445,815,0,768,9900.0,12,6.84,855.88,37.9,0,0,0,0,0,0,0,0,0,0,0,0,0,0,0,0,0,0,0,0,0,0,0,0,0,0,1,0,0,0,0,0,0,1,0,0,0,1,0,0,0,1,0,0,0,0,0,0,0,0,4287.083333333333,0.19243852658178637,1,51445.0
57,4,5,112919,716,2,1915,46800.0,24,10.46,2169.53,43.4,0,0,0,0,0,0,0,0,1,0,0,0,0,0,0,0,0,0,0,0,0,0,0,0,0,0,0,0,0,0,0,0,0,1,0,0,0,0,1,0,0,0,0,0,0,1,0,0,0,0,9409.916666666666,0.41445638023716114,1,37639.666666666664
57,4,5,112919,716,2,1915,31600.0,12,11.64,2802.3,50.1,0,0,0,0,0,0,0,0,1,0,0,0,0,0,0,0,0,0,0,0,0,0,0,0,0,0,0,0,0,0,0,0,0,1,0,0,0,0,1,0,0,0,0,0,1,0,0,0,0,0,9409.916666666666,0.27984661571569003,1,37639.666666666664
43,3,15,38602,585,2,1679,3700.0,48,15.07,103.11,55.4,0,0,0,0,0,1,0,0,0,0,0,0,0,0,0,0,0,0,0,0,0,0,0,0,0,0,0,0,0,0,0,0,0,0,1,0,0,0,1,0,0,0,0,0,0,0,0,1,0,0,3216.8333333333335,0.09584995596083104,1,12867.333333333334
43,3,15,38602,585,2,1679,33800.0,48,12.73,902.25,80.2,58,1,0,0,0,1,0,0,0,0,0,0,0,0,0,0,0,0,0,0,0,0,0,0,0,0,0,0,0,0,0,0,0,0,1,0,0,0,1,0,0,0,0,0,0,0,1,0,0,0,3216.8333333333335,0.875602300398943,1,12867.333333333334
26,3,4,48244,725,3,504,42800.0,12,9.37,3750.27,105.8,0,0,0,0,0,0,0,0,0,0,0,0,0,0,0,0,0,0,0,0,0,0,0,0,0,0,0,1,0,0,0,0,0,1,0,0,0,1,0,0,0,1,0,0,0,0,0,0,0,0,4020.3333333333335,0.8871569521598541,1,12061.0
34,2,2,42389,764,0,319,46600.0,60,11.4,1022.52,38.0,15,0,0,0,0,0,0,0,0,0,0,0,0,0,0,0,0,0,0,0,0,0,0,0,0,1,0,0,0,0,0,0,0,0,0,1,0,1,0,0,0,1,0,0,0,0,0,0,0,0,3532.4166666666665,1.0993418103753332,1,42389.0
43,3,14,81081,542,2,2284,17800.0,36,11.5,586.97,42.5,0,0,0,0,0,0,0,0,0,0,0,0,1,0,0,0,0,0,0,0,0,0,0,0,0,0,0,0,0,0,0,0,0,1,0,0,0,1,0,0,0,0,1,0,0,0,0,0,0,0,6756.75,0.2195335528668862,1,27027.0
32,3,6,46217,844,1,1111,14100.0,24,7.99,637.64,45.4,94,1,0,0,0,0,0,0,0,0,0,0,0,0,0,0,0,0,0,0,0,0,0,0,0,0,0,0,0,0,1,0,0,0,0,0,1,1,0,0,0,0,0,0,0,0,0,0,1,0,3851.4166666666665,0.30508254538373325,1,23108.5
22,1,1,35533,532,0,1150,11000.0,24,13.82,527.21,56.6,142,1,0,0,0,0,0,0,0,0,1,0,0,0,0,0,0,0,0,0,0,0,0,0,0,0,0,0,0,0,0,0,0,1,0,0,0,0,0,1,0,0,0,0,0,1,0,0,0,0,2961.0833333333335,0.3095713843469451,1,35533.0
62,4,8,129845,709,2,1444,19000.0,48,8.21,465.72,17.6,0,0,0,0,0,0,0,0,0,0,1,0,0,0,0,0,0,0,0,0,0,0,0,0,0,0,0,0,0,0,0,0,0,1,0,0,0,0,1,0,0,0,0,0,0,0,0,0,1,0,10820.416666666666,0.14632831452886133,0,43281.666666666664
24,2,4,63025,840,2,613,9700.0,24,10.74,450.93,20.3,0,0,0,0,0,0,1,0,0,0,0,0,0,0,0,0,0,0,0,0,0,0,0,0,0,0,0,0,0,0,0,0,0,1,0,0,0,1,0,0,0,0,0,1,0,0,0,0,0,0,5252.083333333333,0.15390717969059897,0,21008.333333333332
53,3,1,101087,751,4,1310,38700.0,48,9.99,981.35,27.2,30,0,1,0,0,0,0,0,0,0,0,0,0,0,0,0,0,0,0,0,0,0,0,0,0,0,0,0,0,0,0,0,0,1,0,0,0,0,1,0,0,0,0,0,0,0,1,0,0,0,8423.916666666666,0.38283854501567954,0,20217.4
23,3,3,63988,554,2,1927,38800.0,24,11.03,1808.92,70.1,32,1,0,0,0,0,0,0,0,0,0,0,0,0,0,0,0,0,1,0,0,0,0,0,0,0,0,0,0,0,0,0,0,1,0,0,0,0,0,1,0,0,0,1,0,0,0,0,0,0,5332.333333333333,0.6063636931924736,1,21329.333333333332
60,5,3,134797,560,1,1255,6000.0,48,11.91,157.74,12.6,0,0,0,1,0,0,0,0,0,0,0,0,0,0,0,0,0,0,0,0,0,0,0,0,0,0,0,0,0,0,0,0,0,0,0,0,1,0,0,1,1,0,0,0,0,0,0,0,0,0,11233.083333333334,0.044511376365942865,0,67398.5
38,3,0,84953,850,0,2195,13900.0,48,6.83,331.76,35.7,0,0,0,0,0,0,0,0,0,0,0,0,0,0,0,0,1,0,0,0,0,0,0,0,0,0,0,0,0,0,0,0,0,1,0,0,0,1,0,0,1,0,0,0,0,0,0,0,0,0,7079.416666666667,0.16361988393582333,1,84953.0
61,3,32,93595,593,0,3450,9100.0,12,10.78,803.34,54.5,79,1,0,0,0,0,0,1,0,0,0,0,0,0,0,0,0,0,0,0,0,0,0,0,0,0,0,0,0,0,0,0,0,1,0,0,0,0,0,1,0,0,0,0,0,0,0,0,0,1,7799.583333333333,0.09722741599444415,1,93595.0
61,3,32,93595,593,0,3450,31600.0,12,14.44,2843.82,80.7,108,1,0,0,0,0,0,1,0,0,0,0,0,0,0,0,0,0,0,0,0,0,0,0,0,0,0,0,0,0,0,0,0,1,0,0,0,0,0,1,0,0,0,0,0,0,1,0,0,0,7799.583333333333,0.3376248731235643,1,93595.0
53,1,12,31657,792,0,183,8800.0,12,9.35,771.0,36.2,0,0,0,1,0,0,0,0,0,0,0,0,0,0,0,0,0,0,0,0,0,0,0,0,0,0,0,0,0,0,0,0,0,1,0,0,0,1,0,0,0,1,0,0,0,0,0,0,0,0,2638.0833333333335,0.27797959377073,1,31657.0
53,4,0,95840,660,3,3734,45000.0,24,9.2,2059.95,72.5,0,0,0,0,0,0,0,0,0,0,0,0,0,0,0,0,0,0,0,0,1,0,0,0,0,0,0,0,0,0,0,0,0,0,0,0,1,0,1,0,0,0,0,0,0,1,0,0,0,0,7986.666666666667,0.46953255425709517,1,23960.0
64,3,6,54199,568,0,2458,5800.0,48,12.35,153.73,57.8,33,1,0,0,0,1,0,0,0,0,0,0,0,0,0,0,0,0,0,0,0,0,0,0,0,0,0,0,0,0,0,0,0,0,0,1,0,0,0,1,0,0,0,0,0,0,0,0,0,1,4516.583333333333,0.10701304452111662,1,54199.0
40,2,9,66968,555,1,2339,35100.0,36,14.46,1207.49,63.5,0,0,0,0,0,0,0,0,0,0,0,0,0,0,0,0,1,0,0,0,0,0,0,0,0,0,0,0,0,0,0,0,0,1,0,0,0,1,0,0,0,0,0,0,0,0,1,0,0,0,5580.666666666667,0.5241309282045156,1,33484.0
28,4,2,55429,600,1,1667,8300.0,60,10.6,178.81,40.0,144,1,0,0,0,0,1,0,0,0,0,0,0,0,0,0,0,0,0,0,0,0,0,0,0,0,0,0,0,0,0,0,1,0,0,0,0,1,0,0,0,0,0,0,1,0,0,0,0,0,4619.083333333333,0.14974111024914755,1,27714.5
68,1,25,28837,730,3,949,26300.0,36,11.46,866.77,75.6,0,0,0,0,0,0,0,0,0,0,0,0,0,0,0,0,0,0,1,0,0,0,0,0,0,0,0,0,0,0,0,0,1,0,0,0,0,0,0,1,0,0,0,0,1,0,0,0,0,0,2403.0833333333335,0.9120227485522072,1,7209.25
68,1,25,28837,730,3,949,8500.0,60,12.71,192.14,47.5,0,0,0,0,0,0,0,0,0,0,0,0,0,0,0,0,0,0,1,0,0,0,0,0,0,0,0,0,0,0,0,0,1,0,0,0,0,0,0,1,0,0,0,0,0,1,0,0,0,0,2403.0833333333335,0.29476020390470575,1,7209.25
52,4,8,67635,592,4,2661,47700.0,12,10.97,4215.14,122.0,0,0,0,0,0,0,0,0,0,0,0,0,0,0,0,0,0,0,0,0,0,0,0,0,0,0,0,1,0,0,0,0,0,0,1,0,0,0,0,1,0,0,0,0,0,1,0,0,0,0,5636.25,0.7052561543579507,1,13527.0
28,3,2,50481,754,1,270,21100.0,60,11.78,467.02,17.5,0,0,0,0,0,0,0,0,0,0,0,0,1,0,0,0,0,0,0,0,0,0,0,0,0,0,0,0,0,0,0,0,0,0,1,0,0,1,0,0,0,1,0,0,0,0,0,0,0,0,4206.75,0.41797904161961924,0,25240.5
65,4,31,131113,797,1,892,11900.0,12,7.52,1032.52,17.6,0,0,0,1,0,0,0,0,0,0,0,0,0,0,0,0,0,0,0,0,0,0,0,0,0,0,0,0,0,0,0,0,0,0,0,0,1,0,1,0,0,0,0,0,0,1,0,0,0,0,10926.083333333334,0.09076140428485352,0,65556.5
63,2,14,60720,830,3,1566,27200.0,36,10.43,883.17,48.4,0,0,0,0,0,0,0,0,0,0,0,0,0,0,0,0,1,0,0,0,0,0,0,0,0,0,0,0,0,0,0,0,0,0,0,0,1,0,0,1,0,0,0,0,0,0,0,1,0,0,5060.0,0.4479578392621871,1,15180.0
66,4,30,111374,672,2,1153,32700.0,36,13.44,1108.74,24.4,0,0,0,0,0,0,0,0,0,0,0,0,0,0,0,0,1,0,0,0,0,0,0,0,0,0,0,0,0,0,0,0,0,1,0,0,0,1,0,0,0,1,0,0,0,0,0,0,0,0,9281.166666666666,0.29360532978971754,0,37124.666666666664
57,4,32,30579,605,1,338,2000.0,36,13.08,67.46,15.9,15,0,0,0,0,0,0,0,0,0,0,0,0,0,0,0,0,0,0,0,0,0,1,0,0,0,0,0,0,0,0,0,0,0,1,0,0,0,0,1,0,1,0,0,0,0,0,0,0,0,2548.25,0.06540436247097682,0,15289.5
57,4,32,30579,605,1,338,15700.0,60,11.39,344.42,26.8,0,0,0,0,0,0,0,0,0,0,0,0,0,0,0,0,0,0,0,0,0,0,1,0,0,0,0,0,0,0,0,0,0,0,1,0,0,0,0,1,1,0,0,0,0,0,0,0,0,0,2548.25,0.513424245397168,0,15289.5
53,2,14,42250,789,1,589,21100.0,60,10.14,449.77,29.5,0,0,0,0,0,0,0,0,0,0,0,0,0,0,0,0,0,0,0,0,0,0,0,0,0,0,0,0,0,0,1,0,0,1,0,0,0,1,0,0,1,0,0,0,0,0,0,0,0,0,3520.8333333333335,0.49940828402366866,0,21125.0
51,3,28,25418,780,2,124,20300.0,24,8.62,923.86,49.5,0,0,0,0,0,0,0,0,0,0,0,0,0,0,0,0,0,0,0,0,0,0,0,0,0,0,1,0,0,0,0,0,0,0,1,0,0,1,0,0,0,0,0,0,0,0,0,0,0,1,2118.1666666666665,0.7986466283735936,1,8472.666666666666
47,3,25,22335,571,2,921,12500.0,24,14.99,606.02,82.0,147,1,0,0,0,0,0,0,0,0,0,0,0,0,0,0,0,0,0,0,0,0,0,0,0,0,0,0,0,0,0,1,0,0,1,0,0,1,0,0,0,1,0,0,0,0,0,0,0,0,1861.25,0.5596597268860533,1,7445.0
57,2,3,73306,721,1,2016,20000.0,24,11.22,934.2,48.3,15,0,0,0,0,0,0,0,0,0,0,0,0,0,0,0,0,0,0,0,0,0,1,0,0,0,0,0,0,0,0,0,0,0,0,0,1,0,0,1,0,0,0,0,0,0,1,0,0,0,6108.833333333333,0.2728289635227676,1,36653.0
61,3,7,63778,766,0,1172,3600.0,24,9.51,165.31,25.2,0,0,0,0,0,0,0,0,0,0,0,0,0,0,0,0,1,0,0,0,0,0,0,0,0,0,0,0,0,0,0,0,0,0,0,0,1,0,1,0,0,1,0,0,0,0,0,0,0,0,5314.833333333333,0.05644579635611026,0,63778.0
62,5,2,121047,604,0,4119,20400.0,12,14.07,1832.33,59.0,51,1,0,0,0,0,0,0,0,0,0,0,0,0,0,0,0,0,0,0,0,0,0,0,0,0,1,0,0,0,0,0,0,1,0,0,0,0,0,1,0,0,0,0,0,0,0,0,0,1,10087.25,0.1685295794195643,1,121047.0
62,5,2,121047,604,0,4119,32100.0,12,13.9,2880.66,69.4,0,0,0,0,0,0,0,0,0,0,0,0,0,0,0,0,0,0,0,0,0,0,0,0,0,0,1,0,0,0,0,0,0,1,0,0,0,0,0,1,1,0,0,0,0,0,0,0,0,0,10087.25,0.2651862499690203,1,121047.0
68,3,25,53099,591,2,1807,14900.0,60,14.61,351.43,48.8,152,1,0,0,0,0,0,0,0,0,0,0,0,0,0,0,0,0,0,0,0,0,0,1,0,0,0,0,0,0,0,0,0,1,0,0,0,0,1,0,0,0,0,0,1,0,0,0,0,0,4424.916666666667,0.28060792105312715,1,17699.666666666668
28,4,1,108932,846,1,3128,14800.0,60,6.52,289.72,37.6,105,1,0,0,0,0,0,0,0,0,0,0,0,1,0,0,0,0,0,0,0,0,0,0,0,0,0,0,0,0,0,0,0,1,0,0,0,0,0,1,0,0,1,0,0,0,0,0,0,0,9077.666666666666,0.13586457606580252,1,54466.0
54,1,27,41068,554,3,1507,17800.0,12,11.9,1580.68,90.2,103,1,0,0,0,0,0,0,0,0,0,0,0,0,0,0,0,0,0,0,0,0,0,0,0,0,1,0,0,0,0,0,0,1,0,0,0,0,0,1,0,0,0,0,0,1,0,0,0,0,3422.3333333333335,0.4334274861205805,1,10267.0
33,3,6,92612,593,3,2331,36300.0,12,12.58,3235.07,72.1,102,1,0,0,0,0,0,0,0,0,0,0,0,0,0,0,0,0,0,0,0,0,0,0,0,0,0,0,0,0,0,1,0,1,0,0,0,0,0,1,0,0,0,0,0,1,0,0,0,0,7717.666666666667,0.3919578456355548,1,23153.0
46,3,8,46630,657,4,1074,13100.0,12,13.53,1173.32,57.8,165,1,0,0,0,0,0,0,0,0,0,0,0,0,0,0,0,0,0,1,0,0,0,0,0,0,0,0,0,0,0,0,0,0,1,0,0,1,0,0,0,0,0,0,0,0,0,0,0,1,3885.8333333333335,0.2809350203731503,1,9326.0
30,1,4,29481,787,3,997,6600.0,36,10.01,212.99,49.3,0,0,0,0,0,0,0,0,0,0,0,0,0,0,0,0,0,1,0,0,0,0,0,0,0,0,0,0,0,0,0,0,0,0,1,0,0,0,0,1,0,0,0,0,0,0,1,0,0,0,2456.75,0.22387300295105322,1,7370.25
57,3,22,80421,688,4,2513,36100.0,12,12.48,3215.55,85.5,0,0,0,0,0,0,0,0,0,1,0,0,0,0,0,0,0,0,0,0,0,0,0,0,0,0,0,0,0,0,0,0,0,1,0,0,0,0,0,1,1,0,0,0,0,0,0,0,0,0,6701.75,0.4488877283296651,1,16084.2
33,3,12,61167,594,2,2657,7400.0,48,14.9,205.57,56.2,112,1,0,0,0,0,0,0,0,0,0,0,0,0,0,0,0,0,0,0,0,0,0,0,0,0,1,0,0,0,0,0,0,0,0,0,1,1,0,0,0,0,0,0,0,0,0,0,1,0,5097.25,0.12098026713750878,1,20389.0
67,3,27,94280,686,0,1889,18900.0,48,10.69,485.64,30.2,0,0,0,0,0,0,0,0,0,0,1,0,0,0,0,0,0,0,0,0,0,0,0,0,0,0,0,0,0,0,0,0,0,0,0,0,1,0,0,1,0,0,0,0,0,0,1,0,0,0,7856.666666666667,0.20046669495120917,1,94280.0
67,3,27,94280,686,0,1889,28400.0,60,11.24,620.89,31.9,0,0,0,0,0,0,0,0,0,0,1,0,0,0,0,0,0,0,0,0,0,0,0,0,0,0,0,0,0,0,0,0,0,0,0,0,1,0,0,1,0,1,0,0,0,0,0,0,0,0,7856.666666666667,0.30123037759864235,1,94280.0
25,3,2,88461,622,3,2914,35300.0,24,13.15,1680.71,62.3,0,0,0,0,0,0,0,0,0,1,0,0,0,0,0,0,0,0,0,0,0,0,0,0,0,0,0,0,0,0,0,0,0,1,0,0,0,0,0,1,0,0,0,0,0,0,0,1,0,0,7371.75,0.39904590723595706,1,22115.25
40,2,3,45971,761,2,1848,46200.0,12,11.87,4102.0,155.3,15,0,0,0,0,0,0,0,0,0,0,0,0,0,0,0,1,0,0,0,0,0,0,0,0,0,0,0,0,0,0,0,0,1,0,0,0,1,0,0,0,0,0,0,0,0,0,0,1,0,3830.9166666666665,1.0049814013182223,1,15323.666666666666
63,3,3,90638,687,1,3354,28500.0,48,9.76,719.55,53.9,65,1,0,0,0,0,0,0,0,0,0,0,0,0,0,0,0,0,0,0,0,0,0,0,0,0,0,0,0,0,1,0,0,1,0,0,0,0,0,1,0,0,0,0,0,0,1,0,0,0,7553.166666666667,0.314437653081489,1,45319.0
65,2,12,16498,648,3,373,2300.0,48,11.06,59.51,31.5,0,0,0,0,0,0,0,0,0,0,0,0,1,0,0,0,0,0,0,0,0,0,0,0,0,0,0,0,0,0,0,0,0,0,1,0,0,1,0,0,0,0,0,0,0,0,1,0,0,0,1374.8333333333333,0.13941083767729423,1,4124.5
36,4,6,110166,846,0,1273,8800.0,24,6.29,391.17,18.1,0,0,0,0,0,0,0,0,0,0,0,0,0,0,0,0,0,0,0,0,0,1,0,0,0,0,0,0,0,0,0,0,0,0,0,0,1,0,0,1,0,0,1,0,0,0,0,0,0,0,9180.5,0.07987945464117786,0,110166.0
36,4,6,110166,846,0,1273,16400.0,48,9.51,412.1,18.4,0,0,0,0,0,0,0,0,0,0,0,0,0,0,0,0,0,0,0,0,0,1,0,0,0,0,0,0,0,0,0,0,0,0,0,0,1,0,0,1,0,0,0,0,0,0,0,1,0,0,9180.5,0.14886625637674056,0,110166.0
65,1,24,28964,586,2,277,6800.0,24,10.29,314.7,24.5,15,0,0,0,0,0,0,0,0,0,0,0,0,0,0,0,0,0,1,0,0,0,0,0,0,0,0,0,0,0,0,0,0,0,0,1,0,0,1,0,0,0,1,0,0,0,0,0,0,0,2413.6666666666665,0.234774202458224,0,9654.666666666666
59,4,2,94611,619,2,3444,36000.0,48,14.34,989.9,56.2,0,0,0,0,0,0,0,0,0,0,0,0,0,0,0,0,0,0,0,1,0,0,0,0,0,0,0,0,0,0,0,0,0,1,0,0,0,0,1,0,0,0,0,0,0,0,0,0,0,1,7884.25,0.3805054380568856,1,31537.0
59,4,2,94611,619,2,3444,21200.0,12,10.78,1871.52,67.4,30,0,0,0,0,0,0,0,0,0,0,0,0,0,0,0,0,0,0,1,0,0,0,0,0,0,0,0,0,0,0,0,0,1,0,0,0,0,1,0,0,0,0,0,0,0,1,0,0,0,7884.25,0.22407542463349928,1,31537.0
62,3,35,71897,828,2,1873,33300.0,48,10.34,850.02,45.4,125,1,0,0,0,0,0,0,0,0,0,1,0,0,0,0,0,0,0,0,0,0,0,0,0,0,0,0,0,0,0,0,0,0,0,0,1,1,0,0,0,0,0,0,0,0,0,0,1,0,5991.416666666667,0.4631625798016607,1,23965.666666666668
33,3,8,50767,808,0,662,5100.0,36,9.55,163.49,19.5,102,1,0,0,0,0,0,0,0,0,0,0,0,0,0,0,0,0,0,0,0,0,0,0,0,0,0,0,0,1,0,0,0,0,0,0,1,1,0,0,0,1,0,0,0,0,0,0,0,0,4230.583333333333,0.10045895956034431,0,50767.0
43,2,16,73304,850,3,3302,17400.0,36,6.77,535.43,62.8,0,0,0,0,0,0,0,0,0,0,0,0,0,0,0,0,0,1,0,0,0,0,0,0,0,0,0,0,0,0,0,0,0,1,0,0,0,1,0,0,0,0,0,0,1,0,0,0,0,0,6108.666666666667,0.23736767434246425,1,18326.0
22,1,2,30860,850,4,1006,10800.0,48,6.06,253.94,49.0,109,1,0,0,0,0,0,0,1,0,0,0,0,0,0,0,0,0,0,0,0,0,0,0,0,0,0,0,0,0,0,0,0,1,0,0,0,0,0,1,0,0,0,0,0,0,0,0,0,1,2571.6666666666665,0.34996759559300067,1,6172.0
22,1,2,30860,850,4,1006,34800.0,48,8.33,854.97,72.4,0,0,0,0,0,0,0,0,1,0,0,0,0,0,0,0,0,0,0,0,0,0,0,0,0,0,0,0,0,0,0,0,0,1,0,0,0,0,0,1,0,0,1,0,0,0,0,0,0,0,2571.6666666666665,1.1276733635774465,1,6172.0
42,3,17,47833,661,3,1837,30100.0,60,9.49,632.01,61.9,127,1,0,0,1,0,0,0,0,0,0,0,0,0,0,0,0,0,0,0,0,0,0,0,0,0,0,0,0,0,0,0,0,0,0,0,1,0,0,1,0,0,0,0,1,0,0,0,0,0,3986.0833333333335,0.6292726778583823,1,11958.25
45,3,20,71658,686,0,585,8700.0,48,8.96,216.33,13.4,0,0,0,0,0,0,0,0,0,0,1,0,0,0,0,0,0,0,0,0,0,0,0,0,0,0,0,0,0,0,0,0,0,1,0,0,0,0,1,0,0,0,1,0,0,0,0,0,0,0,5971.5,0.12141003098049066,0,71658.0
56,3,13,29725,847,3,378,7500.0,60,8.46,153.73,21.5,0,0,0,1,0,0,0,0,0,0,0,0,0,0,0,0,0,0,0,0,0,0,0,0,0,0,0,0,0,0,0,0,0,0,1,0,0,0,0,1,0,0,0,0,0,0,1,0,0,0,2477.0833333333335,0.2523128679562658,0,7431.25
66,4,9,91943,576,1,718,47100.0,12,14.85,4247.83,64.8,49,1,0,0,0,0,0,0,0,0,0,0,0,0,0,0,0,0,0,0,0,0,0,0,0,1,0,0,0,0,0,0,0,0,0,0,1,0,1,0,0,0,0,1,0,0,0,0,0,0,7661.916666666667,0.5122739088348216,1,45971.5
25,1,2,24879,641,2,552,14000.0,12,10.03,1231.02,86.0,30,0,0,0,0,0,0,0,0,0,0,0,0,1,0,0,0,0,0,0,0,0,0,0,0,0,0,0,0,0,0,0,0,1,0,0,0,1,0,0,0,0,0,0,0,0,0,0,0,1,2073.25,0.5627235821375457,1,8293.0
25,1,2,24879,641,2,552,11300.0,24,13.99,542.49,52.8,177,1,0,0,0,0,0,0,0,0,0,0,0,1,0,0,0,0,0,0,0,0,0,0,0,0,0,0,0,0,0,0,0,1,0,0,0,1,0,0,0,0,0,0,1,0,0,0,0,0,2073.25,0.4541983198681619,1,8293.0
23,3,0,40976,846,0,1618,11800.0,48,7.19,283.61,55.7,0,0,0,0,0,0,0,0,0,0,0,0,0,0,1,0,0,0,0,0,0,0,0,0,0,0,0,0,0,0,0,0,0,1,0,0,0,0,0,1,0,0,0,0,1,0,0,0,0,0,3414.6666666666665,0.287973447871925,1,40976.0
44,4,19,122115,704,3,2449,25400.0,36,12.56,850.45,32.4,0,0,0,0,0,0,0,0,0,0,0,0,1,0,0,0,0,0,0,0,0,0,0,0,0,0,0,0,0,0,0,0,0,1,0,0,0,0,1,0,0,0,0,0,1,0,0,0,0,0,10176.25,0.2080006551201736,1,30528.75
44,4,19,122115,704,3,2449,42600.0,36,10.14,1377.38,37.6,0,0,0,0,0,0,0,0,0,0,0,0,1,0,0,0,0,0,0,0,0,0,0,0,0,0,0,0,0,0,0,0,0,1,0,0,0,0,1,0,0,0,0,0,0,0,0,0,1,0,10176.25,0.3488514924456455,1,30528.75
64,1,34,30139,725,0,976,4400.0,24,11.42,205.93,47.1,0,0,0,0,0,1,0,0,0,0,0,0,0,0,0,0,0,0,0,0,0,0,0,0,0,0,0,0,0,0,0,0,0,1,0,0,0,1,0,0,0,0,0,0,0,0,0,0,0,1,2511.5833333333335,0.14599024519725273,1,30139.0
68,3,9,24786,809,2,510,12600.0,12,8.26,1097.57,77.8,15,0,0,0,1,0,0,0,0,0,0,0,0,0,0,0,0,0,0,0,0,0,0,0,0,0,0,0,0,0,0,0,0,0,0,1,0,0,1,0,0,0,0,0,1,0,0,0,0,0,2065.5,0.5083514887436456,1,8262.0
57,4,13,118803,721,3,1200,46300.0,48,8.98,1151.74,23.8,0,0,0,0,0,1,0,0,0,0,0,0,0,0,0,0,0,0,0,0,0,0,0,0,0,0,0,0,0,0,0,0,0,1,0,0,0,1,0,0,0,0,0,0,1,0,0,0,0,0,9900.25,0.3897207982963393,0,29700.75
33,2,10,38377,617,0,1360,8700.0,60,10.5,187.0,48.4,84,1,0,0,0,0,0,0,0,0,0,0,0,0,0,0,0,0,0,0,0,0,1,0,0,0,0,0,0,0,0,0,1,0,0,0,0,0,0,1,0,0,0,0,0,0,0,0,1,0,3198.0833333333335,0.22669828282565077,1,38377.0
57,3,16,59143,564,2,2591,39200.0,12,15.28,3543.31,124.5,30,0,1,0,0,0,0,0,0,0,0,0,0,0,0,0,0,0,0,0,0,0,0,0,0,0,0,0,0,0,0,0,0,1,0,0,0,0,1,0,0,0,1,0,0,0,0,0,0,0,4928.583333333333,0.6628003314001657,1,19714.333333333332
44,1,2,25921,842,1,462,26200.0,36,7.23,811.74,59.0,47,1,0,0,0,0,0,0,0,0,0,0,0,0,0,0,0,0,0,1,0,0,0,0,0,0,0,0,0,0,0,0,0,0,0,0,1,0,0,1,0,0,1,0,0,0,0,0,0,0,2160.0833333333335,1.0107634736314186,1,12960.5
64,2,20,30540,711,0,440,14900.0,48,10.77,383.44,32.4,0,0,0,0,0,0,0,0,0,0,0,0,0,0,0,0,0,0,0,0,0,0,0,0,1,0,0,0,0,0,0,0,0,0,1,0,0,0,0,1,0,0,0,0,1,0,0,0,0,0,2545.0,0.48788474132285525,1,30540.0
36,4,4,43086,714,3,1010,8800.0,48,10.51,225.35,34.4,0,0,0,0,0,0,0,0,0,0,0,0,0,0,0,0,0,0,0,1,0,0,0,0,0,0,0,0,0,0,0,0,0,0,1,0,0,0,0,1,1,0,0,0,0,0,0,0,0,0,3590.5,0.20424267743582603,1,10771.5
44,4,19,63937,850,3,639,44900.0,24,6.22,1994.45,49.4,30,0,0,0,0,0,0,0,0,0,0,0,0,0,0,0,0,0,1,0,0,0,0,0,0,0,0,0,0,0,0,0,0,1,0,0,0,0,1,0,0,0,1,0,0,0,0,0,0,0,5328.083333333333,0.7022537810657365,1,15984.25
56,1,1,44456,568,0,1263,12800.0,24,13.03,608.72,50.5,134,1,0,0,0,1,0,0,0,0,0,0,0,0,0,0,0,0,0,0,0,0,0,0,0,0,0,0,0,0,0,0,0,0,0,0,1,0,0,1,0,0,0,1,0,0,0,0,0,0,3704.6666666666665,0.28792513946373943,1,44456.0
47,4,17,57745,663,1,2105,47300.0,24,12.12,2229.23,90.1,78,1,0,0,0,0,0,0,0,0,0,0,0,0,0,0,0,1,0,0,0,0,0,0,0,0,0,0,0,0,0,0,0,1,0,0,0,0,0,1,0,0,1,0,0,0,0,0,0,0,4812.083333333333,0.8191185384015932,1,28872.5
45,3,4,78216,683,0,1511,30800.0,24,10.36,1426.39,45.1,0,0,0,0,0,0,0,0,0,0,1,0,0,0,0,0,0,0,0,0,0,0,0,0,0,0,0,0,0,0,0,0,1,0,0,0,0,1,0,0,0,0,0,0,0,0,0,1,0,0,6518.0,0.39378132351437045,1,78216.0
22,3,2,92057,850,0,994,16700.0,12,9.33,1463.0,32.0,0,0,0,0,0,0,0,0,0,0,1,0,0,0,0,0,0,0,0,0,0,0,0,0,0,0,0,0,0,0,0,0,1,0,0,0,0,0,1,0,0,0,1,0,0,0,0,0,0,0,7671.416666666667,0.1814093442106521,1,92057.0
22,3,2,92057,850,0,994,38700.0,12,10.47,3410.81,57.4,0,0,0,0,0,0,0,0,0,0,1,0,0,0,0,0,0,0,0,0,0,0,0,0,0,0,0,0,0,0,0,0,1,0,0,0,0,0,1,0,0,0,0,0,0,1,0,0,0,0,7671.416666666667,0.4203917138294752,1,92057.0
58,4,22,137631,797,1,933,33700.0,48,9.89,852.94,15.6,0,0,0,0,0,0,0,0,0,0,0,0,1,0,0,0,0,0,0,0,0,0,0,0,0,0,0,0,0,0,0,0,0,0,0,0,1,0,1,0,0,0,0,0,0,1,0,0,0,0,11469.25,0.2448576265521576,0,68815.5
45,2,12,53326,714,3,310,7000.0,60,12.74,158.34,10.5,0,0,0,0,0,0,0,0,0,0,0,0,0,1,0,0,0,0,0,0,0,0,0,0,0,0,0,0,0,0,0,0,0,0,0,0,1,1,0,0,0,0,0,0,0,0,0,0,0,1,4443.833333333333,0.13126804935678657,0,13331.5
63,2,16,53487,670,0,1679,23500.0,60,10.74,507.91,49.1,30,0,0,0,0,0,0,0,0,0,0,0,0,0,1,0,0,0,0,0,0,0,0,0,0,0,0,0,0,0,0,0,0,0,0,0,1,1,0,0,0,0,0,0,0,1,0,0,0,0,4457.25,0.43935909660291284,1,53487.0
45,3,12,45566,658,1,859,30100.0,48,9.07,750.04,42.4,0,0,0,0,0,0,0,0,1,0,0,0,0,0,0,0,0,0,0,0,0,0,0,0,0,0,0,0,0,0,0,0,1,0,0,0,0,0,0,1,0,0,0,0,0,0,0,0,1,0,3797.1666666666665,0.6605802572093228,1,22783.0
44,3,4,79148,791,0,2451,40200.0,48,10.18,1023.05,52.7,0,0,0,0,0,0,0,0,1,0,0,0,0,0,0,0,0,0,0,0,0,0,0,0,0,0,0,0,0,0,0,0,0,1,0,0,0,1,0,0,1,0,0,0,0,0,0,0,0,0,6595.666666666667,0.5079092333350179,1,79148.0
35,1,7,43591,590,2,1056,26900.0,60,11.75,594.98,45.4,30,0,0,0,0,0,0,0,0,0,0,0,0,0,0,0,0,0,0,1,0,0,0,0,0,0,0,0,0,0,0,0,0,1,0,0,0,1,0,0,0,0,0,1,0,0,0,0,0,0,3632.5833333333335,0.617099860062857,1,14530.333333333334
52,3,1,45042,740,2,490,19600.0,12,11.67,1738.41,59.4,129,1,0,0,0,0,0,0,0,1,0,0,0,0,0,0,0,0,0,0,0,0,0,0,0,0,0,0,0,0,0,0,0,0,1,0,0,0,1,0,0,1,0,0,0,0,0,0,0,0,3753.5,0.4351494161005284,1,15014.0
52,3,1,45042,740,2,490,12600.0,24,9.85,580.55,28.5,0,0,0,0,0,0,0,0,0,1,0,0,0,0,0,0,0,0,0,0,0,0,0,0,0,0,0,0,0,0,0,0,0,0,1,0,0,0,1,0,0,0,0,0,0,0,1,0,0,0,3753.5,0.2797389103503397,0,15014.0
62,3,16,49969,615,4,1456,32100.0,36,13.94,1096.17,61.3,0,0,0,0,0,0,0,0,0,0,1,0,0,0,0,0,0,0,0,0,0,0,0,0,0,0,0,0,0,0,0,0,1,0,0,0,0,0,0,1,0,0,0,0,0,1,0,0,0,0,4164.083333333333,0.6423982869379015,1,9993.8
58,3,5,87044,685,4,3508,26800.0,60,13.19,612.39,56.8,0,0,0,0,0,0,0,0,0,0,0,0,0,0,0,0,0,0,0,0,0,0,0,0,0,0,0,0,0,0,0,1,1,0,0,0,0,0,1,0,0,0,0,0,0,0,0,0,0,1,7253.666666666667,0.30789026239602957,1,17408.8
32,2,12,35993,823,1,401,13000.0,24,7.77,586.59,32.9,0,0,0,0,0,0,0,0,0,0,0,0,0,0,0,0,1,0,0,0,0,0,0,0,0,0,0,0,0,0,0,0,0,1,0,0,0,0,1,0,0,0,0,1,0,0,0,0,0,0,2999.4166666666665,0.36118134081626985,1,17996.5
32,2,12,35993,823,1,401,12200.0,24,9.42,559.71,32.0,15,0,0,0,0,0,0,0,0,0,0,0,0,0,0,0,1,0,0,0,0,0,0,0,0,0,0,0,0,0,0,0,0,1,0,0,0,0,1,0,1,0,0,0,0,0,0,0,0,0,2999.4166666666665,0.33895479676603785,1,17996.5
65,2,24,56685,647,0,1470,6500.0,48,13.44,175.8,34.8,0,0,0,0,0,0,0,1,0,0,0,0,0,0,0,0,0,0,0,0,0,0,0,0,0,0,0,0,0,0,0,0,0,1,0,0,0,1,0,0,1,0,0,0,0,0,0,0,0,0,4723.75,0.11466878362882597,1,56685.0
54,3,30,79231,625,0,2917,19500.0,36,12.75,654.69,54.1,0,0,0,0,0,0,0,0,0,0,0,0,0,0,0,0,0,0,0,0,0,0,0,0,0,0,0,0,0,0,0,1,1,0,0,0,0,0,0,1,0,0,0,0,1,0,0,0,0,0,6602.583333333333,0.24611578801226794,1,79231.0
54,4,34,111175,850,3,3606,43000.0,12,10.71,3794.6,79.9,0,0,0,0,0,0,1,0,0,0,0,0,0,0,0,0,0,0,0,0,0,0,0,0,0,0,0,0,0,0,0,0,0,1,0,0,0,0,0,1,0,0,0,0,0,0,0,0,0,1,9264.583333333334,0.38677760287834495,1,27793.75
49,3,13,43371,801,1,1569,11300.0,12,9.33,989.93,70.8,0,0,0,0,0,0,0,0,0,0,0,1,0,0,0,0,0,0,0,0,0,0,0,0,0,0,0,0,0,0,0,0,0,1,0,0,0,0,1,0,1,0,0,0,0,0,0,0,0,0,3614.25,0.2605427589864195,1,21685.5
44,3,3,89186,834,1,1235,5900.0,12,9.74,517.99,23.6,0,0,0,0,0,0,0,0,0,0,0,0,0,0,0,0,0,0,1,0,0,0,0,0,0,0,0,0,0,0,0,0,0,0,0,0,1,1,0,0,0,1,0,0,0,0,0,0,0,0,7432.166666666667,0.0661538806539143,0,44593.0
27,2,0,48279,626,0,1252,24400.0,48,11.75,639.55,47.0,0,0,0,0,0,0,0,0,0,0,0,1,0,0,0,0,0,0,0,0,0,0,0,0,0,0,0,0,0,0,0,0,1,0,0,0,0,0,0,1,0,0,0,0,0,0,0,1,0,0,4023.25,0.5053957207067254,1,48279.0
55,1,26,46609,691,1,1331,6900.0,60,10.04,146.74,38.0,0,0,0,0,0,0,0,0,0,1,0,0,0,0,0,0,0,0,0,0,0,0,0,0,0,0,0,0,0,0,0,0,0,0,0,0,1,1,0,0,1,0,0,0,0,0,0,0,0,0,3884.0833333333335,0.14804007809650496,1,23304.5
55,1,26,46609,691,1,1331,14300.0,36,11.6,472.24,46.4,0,0,0,0,0,0,0,0,0,1,0,0,0,0,0,0,0,0,0,0,0,0,0,0,0,0,0,0,0,0,0,0,0,0,0,0,1,1,0,0,0,0,0,0,0,1,0,0,0,0,3884.0833333333335,0.306807698084061,1,23304.5
38,4,12,85972,681,2,2355,44700.0,60,9.92,947.98,46.1,0,0,0,1,0,0,0,0,0,0,0,0,0,0,0,0,0,0,0,0,0,0,0,0,0,0,0,0,0,0,0,0,0,1,0,0,0,0,0,1,0,0,0,0,1,0,0,0,0,0,7164.333333333333,0.5199367235844229,1,28657.333333333332
33,3,9,31235,682,1,309,4600.0,36,10.78,150.12,17.6,0,0,0,0,0,0,0,0,0,0,0,0,0,0,0,0,0,0,0,0,0,0,0,0,0,1,0,0,0,0,0,0,0,0,1,0,0,1,0,0,0,0,0,1,0,0,0,0,0,0,2602.9166666666665,0.14727068993116696,0,15617.5
33,3,9,31235,682,1,309,6000.0,12,10.23,528.14,32.2,0,0,0,0,0,0,0,0,0,0,0,0,0,0,0,0,0,0,0,0,0,0,0,0,0,1,0,0,0,0,0,0,0,0,1,0,0,1,0,0,0,0,0,1,0,0,0,0,0,0,2602.9166666666665,0.19209220425804385,1,15617.5
64,1,6,49965,612,2,1875,20000.0,60,10.86,433.45,55.4,101,1,0,0,0,0,0,0,0,0,0,0,0,0,0,0,0,0,0,0,0,0,0,0,0,0,0,0,0,0,1,0,0,1,0,0,0,0,1,0,0,1,0,0,0,0,0,0,0,0,4163.75,0.4002801961372961,1,16655.0
61,3,0,50855,850,0,2173,33000.0,48,7.42,796.67,70.1,42,1,0,0,0,0,0,0,0,0,0,0,0,0,0,0,0,0,0,0,0,0,0,1,0,0,0,0,0,0,0,0,0,0,0,0,1,0,0,1,0,0,0,0,1,0,0,0,0,0,4237.916666666667,0.6489037459443516,1,50855.0
49,1,1,35453,836,4,1054,4900.0,12,6.69,423.28,50.0,0,0,0,0,0,0,0,0,0,0,0,0,0,0,0,0,0,0,0,0,0,0,0,0,0,0,0,0,1,0,0,0,0,1,0,0,0,0,0,1,0,0,0,0,0,0,0,0,1,0,2954.4166666666665,0.13821115279383972,1,7090.6
49,1,1,35453,836,4,1054,15400.0,60,11.01,334.91,47.0,0,0,0,0,0,0,0,0,0,0,0,0,0,0,0,0,0,0,0,0,0,0,0,0,0,0,0,0,1,0,0,0,0,1,0,0,0,0,0,1,0,0,1,0,0,0,0,0,0,0,2954.4166666666665,0.43437790878063914,1,7090.6
55,2,31,19232,609,3,825,5000.0,12,12.2,444.71,79.2,0,0,0,0,0,0,0,0,0,0,0,0,0,0,0,0,0,0,0,0,0,1,0,0,0,0,0,0,0,0,0,0,0,0,0,1,0,1,0,0,0,0,0,0,0,0,0,1,0,0,1602.6666666666667,0.25998336106489184,1,4808.0
55,2,31,19232,609,3,825,6300.0,48,12.91,168.73,62.0,146,1,0,0,0,0,0,0,0,0,0,0,0,0,0,0,0,0,0,0,0,1,0,0,0,0,0,0,0,0,0,0,0,0,0,1,0,1,0,0,0,0,0,0,0,1,0,0,0,0,1602.6666666666667,0.3275790349417637,1,4808.0
55,2,14,57097,794,0,807,47000.0,12,6.91,4064.81,102.4,0,0,0,0,0,0,0,0,0,0,0,0,0,0,0,0,1,0,0,0,0,0,0,0,0,0,0,0,0,0,0,0,0,1,0,0,0,1,0,0,0,0,0,0,1,0,0,0,0,0,4758.083333333333,0.8231605863705623,1,57097.0
22,5,1,95335,744,2,2453,6200.0,36,11.68,204.98,33.5,15,0,0,0,0,0,0,0,0,0,0,0,0,0,0,0,0,0,0,0,0,0,0,0,0,0,0,0,0,0,1,0,0,1,0,0,0,0,0,1,0,0,0,0,0,1,0,0,0,0,7944.583333333333,0.06503382807992868,1,31778.333333333332
22,5,1,95335,744,2,2453,39200.0,12,8.92,3426.64,74.0,73,1,0,0,0,0,0,0,0,0,0,0,0,0,0,0,0,0,0,0,0,0,0,0,0,0,0,0,0,0,1,0,0,1,0,0,0,0,0,1,0,0,1,0,0,0,0,0,0,0,7944.583333333333,0.41118162269890385,1,31778.333333333332
67,1,22,32414,811,0,954,5200.0,24,10.25,240.55,44.2,0,0,0,0,0,0,0,0,0,0,0,0,0,0,0,0,0,0,0,0,0,0,0,1,0,0,0,0,0,0,0,0,0,1,0,0,0,1,0,0,0,0,0,0,0,0,0,0,0,1,2701.1666666666665,0.1604245079286728,1,32414.0
67,1,22,32414,811,0,954,22000.0,36,8.09,690.31,60.9,0,0,0,0,0,0,0,0,0,0,0,0,0,0,0,0,0,0,0,0,0,0,0,1,0,0,0,0,0,0,0,0,0,1,0,0,0,1,0,0,0,1,0,0,0,0,0,0,0,0,2701.1666666666665,0.6787190720059234,1,32414.0
34,3,6,40896,619,0,671,13600.0,24,13.16,647.59,38.7,0,0,0,0,0,0,0,0,0,0,0,0,0,0,0,0,0,1,0,0,0,0,0,0,0,0,0,0,0,0,0,0,0,1,0,0,0,1,0,0,0,0,0,0,0,0,0,1,0,0,3408.0,0.33255086071987483,1,40896.0
29,4,4,77862,829,2,2822,6100.0,24,10.25,282.19,47.8,0,0,0,0,0,0,0,0,0,0,0,0,0,0,0,0,0,0,0,0,0,0,0,0,0,0,0,0,0,0,1,0,0,0,0,1,0,0,0,1,0,0,0,0,0,1,0,0,0,0,6488.5,0.07834373635406232,1,25954.0
43,5,0,114645,845,0,3504,7100.0,24,7.01,317.92,40.0,0,0,0,0,0,0,0,0,0,0,0,0,0,0,0,0,0,0,1,0,0,0,0,0,0,0,0,0,0,0,0,0,0,1,0,0,0,1,0,0,0,0,0,0,0,0,1,0,0,0,9553.75,0.06193030659863055,1,114645.0
36,3,16,60743,715,3,881,10300.0,24,11.51,482.5,26.9,15,0,0,0,0,0,0,0,0,0,0,0,0,0,0,0,0,0,0,0,0,0,0,0,0,1,0,0,0,0,0,0,0,1,0,0,0,1,0,0,0,0,0,0,0,1,0,0,0,0,5061.916666666667,0.16956686367153417,0,15185.75
27,3,2,62419,818,0,1752,2900.0,60,8.63,59.68,34.8,0,0,0,0,0,0,0,0,0,0,0,0,0,0,0,0,0,0,0,0,0,0,0,0,0,0,0,0,0,1,0,0,0,0,0,0,1,1,0,0,0,0,0,0,0,0,0,0,1,0,5201.583333333333,0.04646021243531617,1,62419.0
33,4,11,132671,805,0,2019,26400.0,12,8.79,2306.15,39.1,0,0,1,0,0,0,0,0,0,0,0,0,0,0,0,0,0,0,0,0,0,0,0,0,0,0,0,0,0,0,0,0,0,0,0,0,1,0,1,0,0,0,0,0,0,1,0,0,0,0,11055.916666666666,0.1989884752508084,1,132671.0
36,2,3,57979,609,2,1844,7000.0,36,12.5,234.18,43.0,0,0,0,0,0,0,0,0,0,0,0,0,0,0,0,0,0,0,0,0,1,0,0,0,0,0,0,0,0,0,0,0,0,1,0,0,0,0,1,0,1,0,0,0,0,0,0,0,0,0,4831.583333333333,0.12073336897842323,1,19326.333333333332
61,1,23,56121,776,3,2293,3600.0,12,9.94,316.4,55.8,55,1,0,0,0,0,0,0,0,0,0,0,0,0,0,0,0,0,0,0,0,0,0,0,0,0,1,0,0,0,0,0,1,0,0,0,0,1,0,0,0,0,0,0,1,0,0,0,0,0,4676.75,0.0641471107072219,1,14030.25
58,4,17,139061,811,2,893,21400.0,48,6.99,512.35,12.1,0,0,0,0,0,0,0,0,0,0,0,0,1,0,0,0,0,0,0,0,0,0,0,0,0,0,0,0,0,0,0,0,0,1,0,0,0,1,0,0,0,0,0,0,0,0,0,0,0,1,11588.416666666666,0.1538893003789704,0,46353.666666666664
49,3,27,72657,736,1,667,2100.0,24,10.25,97.15,12.6,15,0,0,0,0,0,0,0,0,0,0,0,0,0,0,0,0,0,0,0,0,0,0,0,1,0,0,0,0,0,0,0,0,1,0,0,0,0,0,1,0,0,0,0,0,0,0,0,0,1,6054.75,0.02890292745365209,0,36328.5
55,3,24,41354,637,1,1657,8200.0,48,10.09,208.33,54.1,0,0,0,0,0,0,0,0,0,0,0,0,0,0,0,0,0,0,0,1,0,0,0,0,0,0,0,0,0,0,0,0,0,0,0,0,1,1,0,0,0,0,0,0,1,0,0,0,0,0,3446.1666666666665,0.19828795279779465,1,20677.0
33,3,5,70671,848,1,1528,27600.0,12,8.84,2411.61,66.9,0,0,0,0,0,0,0,0,0,0,0,0,0,0,0,0,0,0,0,0,0,0,0,0,0,0,1,0,0,0,0,0,0,1,0,0,0,1,0,0,0,0,0,0,1,0,0,0,0,0,5889.25,0.3905420894001783,1,35335.5
33,3,5,70671,848,1,1528,2400.0,36,10.04,77.49,27.3,0,0,0,0,0,0,0,0,0,0,0,0,0,0,0,0,0,0,0,0,0,0,0,0,0,0,1,0,0,0,0,0,0,1,0,0,0,1,0,0,0,0,0,0,1,0,0,0,0,0,5889.25,0.03396018168697203,0,35335.5
45,3,4,69356,827,0,577,37300.0,60,7.5,747.42,22.9,0,0,0,0,0,0,0,0,0,0,0,0,0,0,0,0,1,0,0,0,0,0,0,0,0,0,0,0,0,0,0,0,0,1,0,0,0,0,0,1,0,0,0,1,0,0,0,0,0,0,5779.666666666667,0.5378049483822597,0,69356.0
39,4,4,70439,635,0,2658,39200.0,60,11.84,868.82,60.1,0,0,1,0,0,0,0,0,0,0,0,0,0,0,0,0,0,0,0,0,0,0,0,0,0,0,0,0,0,0,0,0,0,0,1,0,0,0,0,1,0,0,0,1,0,0,0,0,0,0,5869.916666666667,0.5565098879881883,1,70439.0
33,3,8,97590,850,2,1626,8800.0,48,5.99,206.63,22.5,0,0,0,0,0,0,0,0,0,0,0,0,0,0,0,0,0,0,0,1,0,0,0,0,0,0,0,0,0,0,0,0,0,1,0,0,0,1,0,0,0,1,0,0,0,0,0,0,0,0,8132.5,0.09017317348088943,0,32530.0
33,3,8,97590,850,2,1626,48300.0,60,10.33,1034.09,32.7,15,0,0,0,0,0,0,0,0,0,0,0,0,0,0,0,0,0,0,1,0,0,0,0,0,0,0,0,0,0,0,0,0,1,0,0,0,1,0,0,0,0,0,0,0,1,0,0,0,0,8132.5,0.4949277589917,1,32530.0
57,4,3,63092,618,1,1918,20800.0,48,14.43,572.89,47.4,0,0,0,0,0,0,0,0,0,0,0,0,0,0,0,0,0,0,1,0,0,0,0,0,0,0,0,0,0,0,0,0,0,1,0,0,0,0,1,0,0,0,0,1,0,0,0,0,0,0,5257.666666666667,0.3296772966461675,1,31546.0
57,4,3,63092,618,1,1918,7900.0,48,12.53,210.1,40.5,30,0,0,0,0,0,0,0,0,0,0,0,0,0,0,0,0,0,1,0,0,0,0,0,0,0,0,0,0,0,0,0,0,1,0,0,0,0,1,0,0,0,0,1,0,0,0,0,0,0,5257.666666666667,0.12521397324541939,1,31546.0
50,4,29,85514,825,0,788,27100.0,36,9.37,866.45,23.2,0,0,0,0,0,0,0,0,0,0,0,0,0,0,0,0,0,0,0,0,0,0,0,0,0,0,0,0,0,1,0,0,0,1,0,0,0,0,0,1,0,0,0,0,0,0,0,0,1,0,7126.166666666667,0.3169071730944641,0,85514.0
65,5,11,126680,825,1,4081,41600.0,12,6.52,3590.31,72.7,120,1,0,0,0,0,0,0,0,0,0,0,0,0,0,1,0,0,0,0,0,0,0,0,0,0,0,0,0,0,0,0,0,1,0,0,0,0,0,1,0,0,1,0,0,0,0,0,0,0,10556.666666666666,0.32838648563309125,1,63340.0
53,4,18,61327,849,3,1892,4800.0,36,9.78,154.39,40.0,0,0,0,0,0,0,0,0,0,1,0,0,0,0,0,0,0,0,0,0,0,0,0,0,0,0,0,0,0,0,0,0,0,1,0,0,0,1,0,0,0,0,1,0,0,0,0,0,0,0,5110.583333333333,0.07826895168522836,1,15331.75
43,3,2,36533,561,1,1146,13200.0,48,13.58,357.93,49.4,38,1,0,0,0,0,0,0,1,0,0,0,0,0,0,0,0,0,0,0,0,0,0,0,0,0,0,0,0,0,0,0,0,0,1,0,0,0,1,0,1,0,0,0,0,0,0,0,0,0,3044.4166666666665,0.3613171653026031,1,18266.5
67,2,23,23062,752,4,493,10000.0,48,9.58,251.61,38.7,15,0,0,0,0,0,0,0,0,0,1,0,0,0,0,0,0,0,0,0,0,0,0,0,0,0,0,0,0,0,0,0,0,0,1,0,0,0,0,1,0,0,0,1,0,0,0,0,0,0,1921.8333333333333,0.43361373688318444,1,4612.4
33,4,11,74731,663,0,1547,17500.0,60,9.65,368.82,30.8,0,0,0,0,0,0,0,0,0,0,0,0,0,0,0,0,0,0,0,0,1,0,0,0,0,0,0,0,0,0,0,0,0,1,0,0,0,0,0,1,0,0,0,0,0,1,0,0,0,0,6227.583333333333,0.2341732346683438,1,74731.0
28,1,6,41704,543,0,1247,26400.0,60,11.87,585.52,52.7,164,1,0,0,0,0,0,0,0,0,0,0,0,0,0,0,0,0,0,0,1,0,0,0,0,0,0,0,0,0,0,0,1,0,0,0,0,1,0,0,1,0,0,0,0,0,0,0,0,0,3475.3333333333335,0.6330328026088624,1,41704.0
27,3,4,60337,661,0,2359,34900.0,36,11.33,1148.04,69.7,30,0,0,0,0,0,0,0,0,1,0,0,0,0,0,0,0,0,0,0,0,0,0,0,0,0,0,0,0,0,0,0,1,0,0,0,0,1,0,0,0,0,0,1,0,0,0,0,0,0,5028.083333333333,0.5784178862058107,1,60337.0
23,1,3,54617,773,3,1475,22200.0,24,10.19,1026.37,55.0,0,0,0,0,0,0,0,0,0,0,0,0,0,0,0,0,0,1,0,0,0,0,0,0,0,0,0,0,0,0,0,0,0,1,0,0,0,0,0,1,0,0,1,0,0,0,0,0,0,0,4551.416666666667,0.406466850980464,1,13654.25
23,1,3,54617,773,3,1475,29100.0,36,7.38,903.59,52.3,31,1,0,0,0,0,0,0,0,0,0,0,0,0,0,0,0,1,0,0,0,0,0,0,0,0,0,0,0,0,0,0,0,1,0,0,0,0,0,1,0,0,0,0,0,0,0,0,0,1,4551.416666666667,0.532801142501419,1,13654.25
30,5,7,85000,845,3,1894,4600.0,12,7.27,398.6,32.4,0,0,0,0,0,1,0,0,0,0,0,0,0,0,0,0,0,0,0,0,0,0,0,0,0,0,0,0,0,0,0,0,0,0,0,0,1,1,0,0,0,0,0,0,0,0,0,1,0,0,7083.333333333333,0.05411764705882353,1,21250.0
62,3,14,62749,811,1,1339,7800.0,60,9.86,165.19,28.8,0,0,0,0,0,0,0,0,0,0,0,0,0,1,0,0,0,0,0,0,0,0,0,0,0,0,0,0,0,0,0,0,0,1,0,0,0,0,0,1,0,0,0,1,0,0,0,0,0,0,5229.083333333333,0.12430476979712825,0,31374.5
31,2,5,67070,604,0,2856,26400.0,24,11.44,1235.85,73.2,15,0,0,0,0,0,0,0,0,0,0,0,0,0,0,0,0,1,0,0,0,0,0,0,0,0,0,0,0,0,0,0,0,1,0,0,0,1,0,0,0,0,0,0,0,0,1,0,0,0,5589.166666666667,0.39361860742507826,1,67070.0
31,2,5,67070,604,0,2856,7500.0,12,10.7,661.81,62.9,0,0,0,0,0,0,0,0,0,0,0,0,0,0,0,0,0,1,0,0,0,0,0,0,0,0,0,0,0,0,0,0,0,1,0,0,0,1,0,0,0,0,0,0,0,0,0,0,0,1,5589.166666666667,0.11182346801848815,1,67070.0
